key,origin,model,destination,cumulTime,physDist,cumulConsumedFuel
AJAA320ORY,AJA,A320,ORY,87,907,3359
ORYA320AJA,ORY,A320,AJA,89,907,3401
ORYA320NCE,ORY,A320,NCE,73,675,2789
NCEA320ORY,NCE,A320,ORY,74,675,2795
ORYA320MRS,ORY,A320,MRS,70,627,2663
MRSA320ORY,MRS,A320,ORY,70,627,2655
CDGA319MUC,CDG,A319,MUC,80,682,2754
MUCA319CDG,MUC,A319,CDG,80,682,2739
CDGA319BCN,CDG,A319,BCN,93,859,3145
BCNA319LYS,BCN,A319,LYS,70,549,2385
LYSA319MAD,LYS,A319,MAD,94,913,3253
MADA319LYS,MAD,A319,LYS,94,913,3283
BCNA319CDG,BCN,A319,CDG,97,859,3224
CDGA319FCO,CDG,A319,FCO,114,1101,3843
FCOA319CTA,FCO,A319,CTA,70,539,2365
CTAA319FCO,CTA,A319,FCO,69,539,2344
AMSA320LYS,AMS,A320,LYS,80,733,2987
LYSA320AMS,LYS,A320,AMS,82,733,2998
MXPA320PMO,MXP,A320,PMO,93,904,3436
PMOA320MXP,PMO,A320,MXP,91,904,3402
MXPA320CDG,MXP,A320,CDG,75,598,2657
BCNA320CDG,BCN,A320,CDG,98,859,3418
CDGA320VIE,CDG,A320,VIE,106,1036,3849
VIEA320CDG,VIE,A320,CDG,104,1036,3797
CDGA320MUC,CDG,A320,MUC,80,682,2897
MUCA320LYS,MUC,A320,LYS,69,586,2558
LYSA320VIE,LYS,A320,VIE,91,911,3435
CDGA320MXP,CDG,A320,MXP,75,598,2667
CDGA320MAD,CDG,A320,MAD,111,1065,3947
BCNA320LYS,BCN,A320,LYS,71,549,2510
LYSA320DUS,LYS,A320,DUS,71,631,2676
MADA320CDG,MAD,A320,CDG,111,1065,3960
MADA320LYS,MAD,A320,LYS,95,913,3477
LYSA320VCE,LYS,A320,VCE,66,566,2489
VCEA320LYS,VCE,A320,LYS,65,566,2475
LYSA320BCN,LYS,A320,BCN,65,549,2437
VIEA320LYS,VIE,A320,LYS,90,911,3397
MADA320ORY,MAD,A320,ORY,104,1031,3812
ORYA320MAD,ORY,A320,MAD,103,1031,3779
MRSF100PRG,MRS,F100,PRG,105,1010,3106
CDGF100FCO,CDG,F100,FCO,122,1101,3450
BESA319ORY,BES,A319,ORY,59,501,2165
ORYA319NCE,ORY,A319,NCE,72,675,2655
NCEA319ORY,NCE,A319,ORY,74,675,2653
ORYA319MRS,ORY,A319,MRS,70,627,2535
MRSA319ORY,MRS,A319,ORY,70,627,2519
ORYA319AJA,ORY,A319,AJA,89,907,3213
AJAA319ORY,AJA,A319,ORY,87,907,3160
ORYA319BES,ORY,A319,BES,59,501,2157
BESA320CDG,BES,A320,CDG,65,515,2369
CDGA320NCE,CDG,A320,NCE,80,695,2920
NCEA320CDG,NCE,A320,CDG,80,695,2905
CDGA320BIQ,CDG,A320,BIQ,79,692,2884
BESF100LYS,BES,F100,LYS,84,780,2579
LYSF100LIL,LYS,F100,LIL,69,558,2087
LILF100NCE,LIL,F100,NCE,87,829,2648
LYSF100BES,LYS,F100,BES,85,780,2578
CFEF100LIL,CFE,F100,LIL,61,531,1946
SXBF100NCE,SXB,F100,NCE,63,544,1988
NCEF100SXB,NCE,F100,SXB,66,544,2040
SXBF100MRS,SXB,F100,MRS,68,597,2124
BIAA318ORY,BIA,A318,ORY,84,881,3097
ORYA318NCE,ORY,A318,NCE,73,675,2658
NCEA318ORY,NCE,A318,ORY,74,675,2658
ORYA318TLS,ORY,A318,TLS,66,572,2373
TLSA318ORY,TLS,A318,ORY,65,572,2365
ORYA318MRS,ORY,A318,MRS,70,627,2536
MRSA318ORY,MRS,A318,ORY,70,627,2523
AJAERJ135LYS,AJA,ERJ135,LYS,65,518,982
LYSERJ135NTE,LYS,ERJ135,NTE,70,537,1024
NTEERJ135LYS,NTE,ERJ135,LYS,68,537,1010
NTEERJ135NCE,NTE,ERJ135,NCE,90,791,1327
NTEF100MPL,NTE,F100,MPL,66,590,2100
MPLF100NTE,MPL,F100,NTE,67,590,2110
BIQF100LYS,BIQ,F100,LYS,67,580,2104
BODF100SXB,BOD,F100,SXB,81,758,2519
LYSF100NTE,LYS,F100,NTE,66,537,2023
BIQA319ORY,BIQ,A319,ORY,70,658,2591
ORYA319TLS,ORY,A319,TLS,66,572,2371
TLSA319ORY,TLS,A319,ORY,64,572,2365
ORYA319MPL,ORY,A319,MPL,65,585,2402
MPLA319ORY,MPL,A319,ORY,65,585,2385
BIQA320CDG,BIQ,A320,CDG,77,692,2872
CDGA320MRS,CDG,A320,MRS,78,653,2812
MRSA320CDG,MRS,A320,CDG,77,653,2781
BIQCRJ700LYS,BIQ,CRJ700,LYS,65,580,1672
BODCRJ700SXB,BOD,CRJ700,SXB,77,758,2025
SXBCRJ700BOD,SXB,CRJ700,BOD,76,758,2010
BODCRJ700LIL,BOD,CRJ700,LIL,74,698,1914
LILCRJ700NTE,LIL,CRJ700,NTE,59,512,1525
NTECRJ700LYS,NTE,CRJ700,LYS,61,537,1579
LYSCRJ700NTE,LYS,CRJ700,NTE,64,537,1600
NTECRJ700NCE,NTE,CRJ700,NCE,78,791,2081
ORYA318BIA,ORY,A318,BIA,88,881,3161
ORYA318BIQ,ORY,A318,BIQ,70,658,2580
BIQA318ORY,BIQ,A318,ORY,70,658,2593
ORYA321BIQ,ORY,A321,BIQ,70,658,3348
BIQA321ORY,BIQ,A321,ORY,70,658,3357
ORYA321NCE,ORY,A321,NCE,72,675,3443
NCEA321ORY,NCE,A321,ORY,74,675,3453
BODA321CDG,BOD,A321,CDG,65,527,2978
CDGA321MRS,CDG,A321,MRS,78,653,3479
MRSA321CDG,MRS,A321,CDG,76,653,3439
CDGA321BOD,CDG,A321,BOD,69,527,3023
MRSCRJ100SXB,MRS,CRJ100,SXB,68,597,1167
SXBCRJ100MRS,SXB,CRJ100,MRS,66,597,1144
MPLCRJ100NTE,MPL,CRJ100,NTE,66,590,1136
BODCRJ700MAD,BOD,CRJ700,MAD,66,537,1618
MADCRJ700BOD,MAD,CRJ700,BOD,68,537,1640
BODCRJ700AMS,BOD,CRJ700,AMS,93,924,2362
AMSCRJ700CFE,AMS,CRJ700,CFE,79,735,1997
GVACRJ700BOD,GVA,CRJ700,BOD,66,554,1641
BODCRJ700GVA,BOD,CRJ700,GVA,63,554,1617
SXBERJ135BOD,SXB,ERJ135,BOD,88,758,1284
ORYERJ135MRS,ORY,ERJ135,MRS,80,627,1144
BODERJ145AMS,BOD,ERJ145,AMS,96,924,1593
AMSERJ145MRS,AMS,ERJ145,MRS,102,987,1681
LISERJ145NCE,LIS,ERJ145,NCE,131,1469,2148
BODERJ145GVA,BOD,ERJ145,GVA,64,554,1095
CFEERJ145AMS,CFE,ERJ145,AMS,78,735,1349
MRSERJ145AMS,MRS,ERJ145,AMS,103,987,1669
AMSERJ145NCE,AMS,ERJ145,NCE,100,979,1665
CDGA318TLS,CDG,A318,TLS,75,606,2532
ORYA318PUF,ORY,A318,PUF,70,632,2529
PUFA318ORY,PUF,A318,ORY,68,632,2516
TLSA318CDG,TLS,A318,CDG,72,606,2507
CDGA318MPL,CDG,A318,MPL,74,614,2551
MPLA318CDG,MPL,A318,CDG,72,614,2515
CDGA318MRS,CDG,A318,MRS,78,653,2676
MRSA318CDG,MRS,A318,CDG,77,653,2642
CDGA318MAD,CDG,A318,MAD,112,1065,3731
MADA318CDG,MAD,A318,CDG,111,1065,3755
CDGA318PRG,CDG,A318,PRG,93,853,3169
PRGA318CDG,PRG,A318,CDG,91,853,3123
CDGA318VIE,CDG,A318,VIE,106,1036,3652
VIEA318LYS,VIE,A318,LYS,90,911,3216
LYSA318VIE,LYS,A318,VIE,92,911,3261
VIEA318CDG,VIE,A318,CDG,104,1036,3592
CDGA318DUB,CDG,A318,DUB,89,785,3038
DUBA318CDG,DUB,A318,CDG,90,785,3072
MADA318ORY,MAD,A318,ORY,104,1031,3617
CDGA318LIS,CDG,A318,LIS,143,1471,4800
LISA318CDG,LIS,A318,CDG,133,1471,4506
TLSA319CDG,TLS,A319,CDG,71,606,2506
CDGA319MPL,CDG,A319,MPL,73,614,2550
MPLA319CDG,MPL,A319,CDG,71,614,2511
CDGA319VCE,CDG,A319,VCE,91,836,3108
VCEA319CDG,VCE,A319,CDG,90,836,3067
VCEA319LYS,VCE,A319,LYS,65,566,2349
LYSA319BCN,LYS,A319,BCN,65,549,2313
CDGA319LIS,CDG,A319,LIS,143,1471,4737
LISA319CDG,LIS,A319,CDG,132,1471,4454
CDGA319NCE,CDG,A319,NCE,80,695,2777
NCEA319CDG,NCE,A319,CDG,80,695,2754
CDGA319PRG,CDG,A319,PRG,92,853,3156
PRGA319LYS,PRG,A319,LYS,84,839,3013
LYSA319DUS,LYS,A319,DUS,70,631,2547
CDGA319MXP,CDG,A319,MXP,75,598,2534
MXPA319PMO,MXP,A319,PMO,92,904,3244
FRAA319LYS,FRA,A319,LYS,66,545,2317
LYSA319LHR,LYS,A319,LHR,84,758,2920
LHRA319LYS,LHR,A319,LYS,89,758,3002
LYSA319VIE,LYS,A319,VIE,91,911,3245
VIEA319CDG,VIE,A319,CDG,103,1036,3565
FCOA319CDG,FCO,A319,CDG,116,1101,3817
MXPA319CTA,MXP,A319,CTA,102,1050,3617
CDGA320MPL,CDG,A320,MPL,74,614,2682
MPLA320CDG,MPL,A320,CDG,72,614,2647
BIQA320LYS,BIQ,A320,LYS,64,580,2491
CDGA320BCN,CDG,A320,BCN,93,859,3346
MUCA320CDG,MUC,A320,CDG,81,682,2891
CDGA320DUB,CDG,A320,DUB,89,785,3196
MXPA320CTA,MXP,A320,CTA,103,1050,3832
CTAA320MXP,CTA,A320,MXP,103,1050,3818
CDGA320FCO,CDG,A320,FCO,115,1101,4076
FCOA320CDG,FCO,A320,CDG,116,1101,4070
CDGA320PRG,CDG,A320,PRG,93,853,3343
PRGA320CDG,PRG,A320,CDG,91,853,3301
LYSA320FRA,LYS,A320,FRA,66,545,2452
CDGA320VCE,CDG,A320,VCE,91,836,3292
VCEA320CDG,VCE,A320,CDG,90,836,3262
FCOA320CTA,FCO,A320,CTA,70,539,2490
CTAA320FCO,CTA,A320,FCO,69,539,2472
CDGA320LIS,CDG,A320,LIS,143,1471,5105
LISA320CDG,LIS,A320,CDG,133,1471,4793
LYSA320FCO,LYS,A320,FCO,81,722,2987
DUBA320CDG,DUB,A320,CDG,90,785,3225
CDGA321TLS,CDG,A321,TLS,74,606,3300
TLSA321ORY,TLS,A321,ORY,64,572,3067
CDGA321BES,CDG,A321,BES,66,515,2949
BESA321CDG,BES,A321,CDG,64,515,2928
CDGA321PUF,CDG,A321,PUF,78,667,3503
PUFA321CDG,PUF,A321,CDG,74,667,3450
NTEA321LYS,NTE,A321,LYS,60,537,2909
CDGA321FCO,CDG,A321,FCO,114,1101,5046
FCOA321CDG,FCO,A321,CDG,116,1101,5042
CDGA321BCN,CDG,A321,BCN,93,859,4140
BCNA321CDG,BCN,A321,CDG,98,859,4232
CDGA321LIS,CDG,A321,LIS,142,1471,6334
CDGB737400MXP,CDG,B737400,MXP,77,598,2900
MXPB737400CDG,MXP,B737400,CDG,76,598,2897
CDGB737400MAD,CDG,B737400,MAD,115,1065,4409
MADB737400CDG,MAD,B737400,CDG,114,1065,4393
CDGB737400VCE,CDG,B737400,VCE,94,836,3629
CDGB737900VCE,CDG,B737900,VCE,92,836,3691
VCEB737900CDG,VCE,B737900,CDG,90,836,3663
CDGB737900MUC,CDG,B737900,MUC,81,682,3247
MUCB737900CDG,MUC,B737900,CDG,81,682,3244
CDGB737900VIE,CDG,B737900,VIE,107,1036,4303
VIEB737900CDG,VIE,B737900,CDG,104,1036,4252
CDGB737900MAD,CDG,B737900,MAD,112,1065,4417
MADB737900CDG,MAD,B737900,CDG,111,1065,4424
CDGB737900PRG,CDG,B737900,PRG,93,853,3746
CDGCRJ100DUB,CDG,CRJ100,DUB,92,785,1473
AMSCRJ700NCE,AMS,CRJ700,NCE,97,979,2468
NCECRJ700AMS,NCE,CRJ700,AMS,99,979,2473
AMSCRJ700TLS,AMS,CRJ700,TLS,99,998,2497
TLSCRJ700AMS,TLS,CRJ700,AMS,99,998,2506
AMSCRJ700BOD,AMS,CRJ700,BOD,94,924,2355
CDGA330TUN,CDG,A330,TUN,131,1489,11549
TUNA330CDG,TUN,A330,CDG,140,1489,12240
CDGA330SVO,CDG,A330,SVO,196,2456,17264
SVOA330CDG,SVO,A330,CDG,219,2456,18808
CDGB747CMN,CDG,B747,CMN,167,1933,27361
CMNB747CDG,CMN,B747,CDG,154,1933,25380
CDGB747TUN,CDG,B747,TUN,126,1489,20606
TUNB747CDG,TUN,B747,CDG,135,1489,21992
CDGB747SVO,CDG,B747,SVO,188,2456,31027
SVOB747CDG,SVO,B747,CDG,210,2456,33873
CDGB777IST,CDG,B777,IST,179,2238,20502
ISTB777CDG,IST,B777,CDG,194,2238,22169
CDGB777SVO,CDG,B777,SVO,193,2456,22135
SVOB777CDG,SVO,B777,CDG,214,2456,24184
CDGB777BEY,CDG,B777,BEY,238,3190,27531
CFEA319AMS,CFE,A319,AMS,75,735,2802
CDGA319VIE,CDG,A319,VIE,106,1036,3631
CDGA320PUF,CDG,A320,PUF,79,667,2832
PUFA320CDG,PUF,A320,CDG,74,667,2792
CDGA320TLS,CDG,A320,TLS,75,606,2668
TLSA320ORY,TLS,A320,ORY,65,572,2484
ORYA320TLS,ORY,A320,TLS,66,572,2497
ORYA321TLS,ORY,A321,TLS,66,572,3084
TLSA321CDG,TLS,A321,CDG,71,606,3257
SXBCRJ100RNS,SXB,CRJ100,RNS,73,694,1274
RNSCRJ100LYS,RNS,CRJ100,LYS,63,580,1121
CFECRJ100LIL,CFE,CRJ100,LIL,59,531,1042
LILCRJ100CFE,LIL,CRJ100,CFE,60,531,1056
TLSCRJ100SXB,TLS,CRJ100,SXB,77,729,1346
BODERJ145SXB,BOD,ERJ145,SXB,79,758,1376
SXBERJ145TLS,SXB,ERJ145,TLS,76,729,1321
TLSERJ145SXB,TLS,ERJ145,SXB,77,729,1336
LILF100CFE,LIL,F100,CFE,62,531,1965
NCEF100NTE,NCE,F100,NTE,86,791,2611
NTEF100MRS,NTE,F100,MRS,74,675,2322
MRSF100RNS,MRS,F100,RNS,82,746,2505
RNSF100MRS,RNS,F100,MRS,78,746,2466
NTEF100LYS,NTE,F100,LYS,63,537,1993
SXBF100BOD,SXB,F100,BOD,80,758,2496
TLSF100LIL,TLS,F100,LIL,84,782,2590
LILF100LYS,LIL,F100,LYS,66,558,2052
LYSF100RNS,LYS,F100,RNS,70,580,2128
RNSF100LYS,RNS,F100,LYS,65,580,2071
GVAF100BOD,GVA,F100,BOD,68,554,2075
CMNB777CDG,CMN,B777,CDG,158,1933,18183
BEYB777CDG,BEY,B777,CDG,259,3190,30062
CDGB777TUN,CDG,B777,TUN,129,1489,14848
CTAA319MXP,CTA,A319,MXP,103,1050,3585
CTAERJ135MXP,CTA,ERJ135,MXP,121,1050,1672
MXPERJ135TLS,MXP,ERJ135,TLS,81,624,1147
TLSERJ135MXP,TLS,ERJ135,MXP,78,624,1134
TLSERJ135MAD,TLS,ERJ135,MAD,72,537,1036
MADERJ135TLS,MAD,ERJ135,TLS,75,537,1051
CDGA318MXP,CDG,A318,MXP,75,598,2535
LYSA318FRA,LYS,A318,FRA,67,545,2331
FRAA318LYS,FRA,A318,LYS,66,545,2318
LYSA318LIS,LYS,A318,LIS,132,1400,4548
DUBA319CDG,DUB,A319,CDG,90,785,3066
LYSA319AMS,LYS,A319,AMS,81,733,2843
CDGA319DUB,CDG,A319,DUB,89,785,3029
DUSA319LYS,DUS,A319,LYS,72,631,2548
LYSA319MUC,LYS,A319,MUC,67,586,2427
MUCA319LYS,MUC,A319,LYS,69,586,2427
LYSA319FCO,LYS,A319,FCO,81,722,2841
FCOA319LYS,FCO,A319,LYS,83,722,2843
LYSA319FRA,LYS,A319,FRA,66,545,2332
LYSA319VCE,LYS,A319,VCE,66,566,2368
LYSA320MUC,LYS,A320,MUC,68,586,2551
CDGA319MAD,CDG,A319,MAD,111,1065,3704
MADA319CDG,MAD,A319,CDG,110,1065,3734
PMOA319MXP,PMO,A319,MXP,91,904,3199
MXPA319CDG,MXP,A319,CDG,75,598,2518
FCOB737800MRS,FCO,B737800,MRS,75,602,2892
MRSB737800FCO,MRS,B737800,FCO,72,602,2858
DUSA320LYS,DUS,A320,LYS,72,631,2685
FRAA321LYS,FRA,A321,LYS,66,545,3017
LYSA321VCE,LYS,A321,VCE,66,566,3074
VCEA321LYS,VCE,A321,LYS,65,566,3055
LYSA321FRA,LYS,A321,FRA,66,545,3031
AMSA321LYS,AMS,A321,LYS,79,733,3690
LYSA321LHR,LYS,A321,LHR,84,758,3808
LHRA321LYS,LHR,A321,LYS,89,758,3910
LISA321TLS,LIS,A321,TLS,100,1030,4653
TUNB777CDG,TUN,B777,CDG,137,1489,15769
DUBA321CDG,DUB,A321,CDG,90,785,3991
CDGA321DUB,CDG,A321,DUB,89,785,3955
CDGA321PRG,CDG,A321,PRG,92,853,4135
PRGA321CDG,PRG,A321,CDG,90,853,4082
CDGA321MUC,CDG,A321,MUC,80,682,3583
MUCA321CDG,MUC,A321,CDG,80,682,3576
LISA321CDG,LIS,A321,CDG,133,1471,5935
ORYA320BES,ORY,A320,BES,59,501,2271
BESA320ORY,BES,A320,ORY,59,501,2275
ORYA320BIA,ORY,A320,BIA,88,881,3330
BIAA320ORY,BIA,A320,ORY,84,881,3269
LILA321NTE,LIL,A321,NTE,58,512,2811
CDGA321NCE,CDG,A321,NCE,80,695,3611
NCEA321CDG,NCE,A321,CDG,80,695,3592
LILERJ135TLS,LIL,ERJ135,TLS,91,782,1322
NCEERJ135BOD,NCE,ERJ135,BOD,81,645,1163
BODERJ135NCE,BOD,ERJ135,NCE,78,645,1150
LILF100MRS,LIL,F100,MRS,86,809,2615
LILF100BOD,LIL,F100,BOD,77,698,2373
NTEF100SXB,NTE,F100,SXB,76,706,2379
SXBF100RNS,SXB,F100,RNS,75,694,2340
LYSF100PUF,LYS,F100,PUF,64,508,1962
PUFF100LYS,PUF,F100,LYS,61,508,1924
LYSF100BIQ,LYS,F100,BIQ,68,580,2111
LISA320LYS,LIS,A320,LYS,123,1400,4553
LYSA320LIS,LYS,A320,LIS,131,1400,4833
CDGA321MXP,CDG,A321,MXP,75,598,3301
MXPA321CDG,MXP,A321,CDG,75,598,3287
CDGA321MAD,CDG,A321,MAD,111,1065,4888
MADA321CDG,MAD,A321,CDG,110,1065,4901
LISB737800TLS,LIS,B737800,TLS,101,1030,4052
TLSB737800MXP,TLS,B737800,MXP,69,624,2861
LISCRJ700NCE,LIS,CRJ700,NCE,127,1469,3233
NCECRJ700LIS,NCE,CRJ700,LIS,136,1469,3458
LISCRJ700CDG,LIS,CRJ700,CDG,133,1471,3283
CDGCRJ700FCO,CDG,CRJ700,FCO,115,1101,2778
FCOCRJ700TLS,FCO,CRJ700,TLS,98,911,2369
TLSCRJ700LIS,TLS,CRJ700,LIS,98,1030,2526
AMSF100MRS,AMS,F100,MRS,105,987,3084
AMSF100LYS,AMS,F100,LYS,84,733,2525
LYSF100AMS,LYS,F100,AMS,86,733,2539
CDGA318VCE,CDG,A318,VCE,91,836,3121
VCEA318CDG,VCE,A318,CDG,90,836,3085
AMSA319LYS,AMS,A319,LYS,79,733,2843
ORYA320PUF,ORY,A320,PUF,70,632,2660
PUFA320ORY,PUF,A320,ORY,68,632,2639
LYSA320MAD,LYS,A320,MAD,95,913,3461
NTECRJ700SXB,NTE,CRJ700,SXB,72,706,1910
LYSCRJ700LIL,LYS,CRJ700,LIL,66,558,1650
LILCRJ700LYS,LIL,CRJ700,LYS,63,558,1628
LYSCRJ700RNS,LYS,CRJ700,RNS,67,580,1688
RNSCRJ700LYS,RNS,CRJ700,LYS,62,580,1651
NTECRJ700LIL,NTE,CRJ700,LIL,59,512,1529
LILCRJ700TLS,LIL,CRJ700,TLS,79,782,2069
MRSCRJ700NTE,MRS,CRJ700,NTE,73,675,1866
NCECRJ700LIL,NCE,CRJ700,LIL,85,829,2158
LILCRJ700MRS,LIL,CRJ700,MRS,81,809,2108
LYSCRJ700BIQ,LYS,CRJ700,BIQ,66,580,1677
SXBCRJ700NTE,SXB,CRJ700,NTE,72,706,1899
CFECRJ700LIL,CFE,CRJ700,LIL,59,531,1548
LILCRJ700CFE,LIL,CRJ700,CFE,59,531,1559
NTEERJ145LIL,NTE,ERJ145,LIL,61,512,1035
LILERJ145BOD,LIL,ERJ145,BOD,75,698,1286
LYSA320PRG,LYS,A320,PRG,86,839,3234
PRGA320LYS,PRG,A320,LYS,85,839,3202
FCOA320LYS,FCO,A320,LYS,83,722,3000
FRAA320LYS,FRA,A320,LYS,66,545,2442
MADB737300ORY,MAD,B737300,ORY,107,1031,3826
ORYB737300MAD,ORY,B737300,MAD,106,1031,3808
MADB737300CDG,MAD,B737300,CDG,113,1065,3982
ORYA320BIQ,ORY,A320,BIQ,70,658,2712
CDGA320BES,CDG,A320,BES,66,515,2385
MLHERJ145RNS,MLH,ERJ145,RNS,77,693,1289
RNSERJ145MLH,RNS,ERJ145,MLH,72,693,1272
MLHERJ145BOD,MLH,ERJ145,BOD,78,705,1308
BODERJ145LIL,BOD,ERJ145,LIL,76,698,1300
LILERJ145NTE,LIL,ERJ145,NTE,60,512,1029
NTEERJ145MRS,NTE,ERJ145,MRS,73,675,1262
LYSERJ145LIL,LYS,ERJ145,LIL,68,558,1115
LILERJ145TLS,LIL,ERJ145,TLS,82,782,1401
LYSERJ145PUF,LYS,ERJ145,PUF,64,508,1044
PUFERJ145LYS,PUF,ERJ145,LYS,60,508,1029
LYSERJ145NTE,LYS,ERJ145,NTE,65,537,1080
NTEERJ145MPL,NTE,ERJ145,MPL,65,590,1134
ORYA319BIA,ORY,A319,BIA,87,881,3146
BIAA319ORY,BIA,A319,ORY,84,881,3077
CDGA320BOD,CDG,A320,BOD,69,527,2444
BODA320CDG,BOD,A320,CDG,66,527,2409
MPLA321ORY,MPL,A321,ORY,65,585,3100
ORYA321AJA,ORY,A321,AJA,89,907,4200
AJAA321ORY,AJA,A321,ORY,87,907,4147
ORYA321MRS,ORY,A321,MRS,70,627,3289
MRSA321ORY,MRS,A321,ORY,70,627,3278
ORYA319PUF,ORY,A319,PUF,70,632,2525
PUFA319ORY,PUF,A319,ORY,67,632,2514
ORYA319BIQ,ORY,A319,BIQ,70,658,2576
TLSA320CDG,TLS,A320,CDG,72,606,2635
ORYA321PUF,ORY,A321,PUF,70,632,3284
PUFA321ORY,PUF,A321,ORY,67,632,3257
MRSCRJ100ORY,MRS,CRJ100,ORY,72,627,1209
ORYCRJ100TLS,ORY,CRJ100,TLS,68,572,1132
TLSCRJ100ORY,TLS,CRJ100,ORY,66,572,1133
LYSCRJ100BIQ,LYS,CRJ100,BIQ,67,580,1133
BIQCRJ100CDG,BIQ,CRJ100,CDG,79,692,1324
LYSCRJ100LIL,LYS,CRJ100,LIL,67,558,1115
MRSCRJ700RNS,MRS,CRJ700,RNS,78,746,2009
RNSCRJ700MRS,RNS,CRJ700,MRS,74,746,1985
MPLCRJ700RNS,MPL,CRJ700,RNS,71,667,1836
RNSCRJ700TLS,RNS,CRJ700,TLS,60,549,1590
TLSCRJ700RNS,TLS,CRJ700,RNS,63,549,1608
RNSCRJ700SXB,RNS,CRJ700,SXB,69,694,1872
MLHERJ135RNS,MLH,ERJ135,RNS,84,693,1218
RNSERJ135MLH,RNS,ERJ135,MLH,80,693,1196
LYSERJ135PUF,LYS,ERJ135,PUF,68,508,990
MRSF100FCO,MRS,F100,FCO,76,602,2241
TLSF100AMS,TLS,F100,AMS,105,998,3098
MUCB737800CDG,MUC,B737800,CDG,81,682,3130
CDGA319TLS,CDG,A319,TLS,74,606,2529
CDGA319MRS,CDG,A319,MRS,78,653,2673
ORYA320MPL,ORY,A320,MPL,66,585,2523
MPLA320ORY,MPL,A320,ORY,65,585,2512
MXPB737300CDG,MXP,B737300,CDG,76,598,2644
CDGB737300FCO,CDG,B737300,FCO,118,1101,4102
FCOB737300CTA,FCO,B737300,CTA,71,539,2473
NCECRJ100BOD,NCE,CRJ100,BOD,73,645,1232
BODCRJ100NCE,BOD,CRJ100,NCE,70,645,1228
MRSCRJ100RNS,MRS,CRJ100,RNS,80,746,1365
RNSCRJ100MRS,RNS,CRJ100,MRS,76,746,1359
SXBERJ145BOD,SXB,ERJ145,BOD,78,758,1360
AJAERJ145LYS,AJA,ERJ145,LYS,61,518,1035
LYSERJ145AJA,LYS,ERJ145,AJA,64,518,1059
MRSERJ145NTE,MRS,ERJ145,NTE,75,675,1262
NTEA318LYS,NTE,A318,LYS,60,537,2245
CDGA318BOD,CDG,A318,BOD,69,527,2317
CDGA319BOD,CDG,A319,BOD,69,527,2317
BODA319CDG,BOD,A319,CDG,65,527,2290
NTEERJ135MPL,NTE,ERJ135,MPL,71,590,1070
MRSERJ135LIL,MRS,ERJ135,LIL,96,809,1359
LILERJ135MRS,LIL,ERJ135,MRS,94,809,1349
MRSERJ135ORY,MRS,ERJ135,ORY,80,627,1142
MRSERJ135BES,MRS,ERJ135,BES,105,930,1497
NTEERJ135SXB,NTE,ERJ135,SXB,82,706,1219
SXBERJ135NTE,SXB,ERJ135,NTE,82,706,1214
NTEERJ135MRS,NTE,ERJ135,MRS,81,675,1186
NTEF100GVA,NTE,F100,GVA,67,597,2122
GVAF100NTE,GVA,F100,NTE,71,597,2164
NTEF100MXP,NTE,F100,MXP,86,811,2622
ORYA318MAD,ORY,A318,MAD,103,1031,3575
ORYA318MPL,ORY,A318,MPL,66,585,2403
ORYA319MAD,ORY,A319,MAD,103,1031,3549
BIQA320ORY,BIQ,A320,ORY,70,658,2720
ORYA321MPL,ORY,A321,MPL,65,585,3115
ORYA321BES,ORY,A321,BES,59,501,2802
BESA321ORY,BES,A321,ORY,59,501,2808
DUBCRJ100CDG,DUB,CRJ100,CDG,93,785,1498
FCOA318LYS,FCO,A318,LYS,84,722,2850
LYSA318MAD,LYS,A318,MAD,95,913,3274
LYSA319PRG,LYS,A319,PRG,86,839,3055
PRGERJ135MRS,PRG,ERJ135,MRS,115,1010,1606
MRSERJ135PRG,MRS,ERJ135,PRG,115,1010,1611
PUFA318CDG,PUF,A318,CDG,75,667,2660
CDGA318NCE,CDG,A318,NCE,80,695,2781
NCEA318CDG,NCE,A318,CDG,80,695,2760
CDGA319BIQ,CDG,A319,BIQ,78,692,2735
BIQA319LYS,BIQ,A319,LYS,64,580,2372
LYSCRJ100RNS,LYS,CRJ100,RNS,68,580,1140
RNSCRJ100SXB,RNS,CRJ100,SXB,71,694,1279
SXBCRJ100BOD,SXB,CRJ100,BOD,78,758,1365
NTECRJ100MRS,NTE,CRJ100,MRS,72,675,1269
ORYCRJ100MRS,ORY,CRJ100,MRS,72,627,1221
RNSCRJ100TLS,RNS,CRJ100,TLS,61,549,1078
TLSCRJ100RNS,TLS,CRJ100,RNS,63,549,1084
RNSCRJ100NCE,RNS,CRJ100,NCE,83,849,1455
NCECRJ100BES,NCE,CRJ100,BES,102,1043,1714
BESCRJ100NCE,BES,CRJ100,NCE,100,1043,1729
NCECRJ100RNS,NCE,CRJ100,RNS,88,849,1470
RNSERJ145SXB,RNS,ERJ145,SXB,71,694,1271
SXBERJ145NTE,SXB,ERJ145,NTE,74,706,1284
NTEERJ145LYS,NTE,ERJ145,LYS,62,537,1069
LILERJ145LYS,LIL,ERJ145,LYS,65,558,1103
NCEERJ145LIL,NCE,ERJ145,LIL,88,829,1449
LILERJ145NCE,LIL,ERJ145,NCE,84,829,1441
NCEERJ145NTE,NCE,ERJ145,NTE,84,791,1421
MRSF100SXB,MRS,F100,SXB,70,597,2160
CDGB747IST,CDG,B747,IST,175,2238,28687
ISTB747CDG,IST,B747,CDG,190,2238,31066
CDGB777CMN,CDG,B777,CMN,170,1933,19553
SXBCRJ100TLS,SXB,CRJ100,TLS,76,729,1325
SXBCRJ100NTE,SXB,CRJ100,NTE,73,706,1288
NTECRJ100LIL,NTE,CRJ100,LIL,60,512,1035
LILCRJ100NTE,LIL,CRJ100,NTE,60,512,1026
LILCRJ100TLS,LIL,CRJ100,TLS,81,782,1407
LYSCRJ100BES,LYS,CRJ100,BES,82,780,1409
SXBCRJ100NCE,SXB,CRJ100,NCE,61,544,1065
NCECRJ100SXB,NCE,CRJ100,SXB,65,544,1095
MRSCRJ100NTE,MRS,CRJ100,NTE,74,675,1265
NTECRJ100LYS,NTE,CRJ100,LYS,62,537,1071
SXBCRJ700MRS,SXB,CRJ700,MRS,65,597,1694
MRSCRJ700SXB,MRS,CRJ700,SXB,67,597,1715
MRSERJ145LIL,MRS,ERJ145,LIL,86,809,1420
BIQF100CDG,BIQ,F100,CDG,81,692,2432
MRSA319CDG,MRS,A319,CDG,76,653,2637
TLSA319LIL,TLS,A319,LIL,79,782,2934
LILA319BOD,LIL,A319,BOD,72,698,2677
TLSB737400AMS,TLS,B737400,AMS,101,998,4071
AMSB737400TLS,AMS,B737400,TLS,102,998,4086
AMSB737400BOD,AMS,B737400,BOD,96,924,3851
BODB737400AMS,BOD,B737400,AMS,96,924,3837
AMSB737400CFE,AMS,B737400,CFE,80,735,3229
TLSB737900FCO,TLS,B737900,FCO,93,911,3866
FCOB737900TLS,FCO,B737900,TLS,98,911,3916
TLSB737900LIS,TLS,B737900,LIS,98,1030,4157
LISB737900MRS,LIS,B737900,MRS,118,1308,4848
MRSB737900LIS,MRS,B737900,LIS,124,1308,5113
LYSERJ135BES,LYS,ERJ135,BES,92,780,1324
BESERJ135MRS,BES,ERJ135,MRS,105,930,1500
TLSF100MAD,TLS,F100,MAD,68,537,2053
MADF100TLS,MAD,F100,TLS,71,537,2091
TLSF100MXP,TLS,F100,MXP,73,624,2232
VIEA319LYS,VIE,A319,LYS,89,911,3195
CDGA318BCN,CDG,A318,BCN,93,859,3164
BCNA318CDG,BCN,A318,CDG,98,859,3238
VCEA321CDG,VCE,A321,CDG,90,836,4034
CDGA321VIE,CDG,A321,VIE,106,1036,4762
VIEA321LYS,VIE,A321,LYS,89,911,4196
LYSA321FCO,LYS,A321,FCO,81,722,3693
BEYA330CDG,BEY,A330,CDG,265,3190,23334
CDGA330CMN,CDG,A330,CMN,174,1933,15184
CMNA330CDG,CMN,A330,CDG,161,1933,14164
ISTA330CDG,IST,A330,CDG,198,2238,17222
