A1   (Douglas Skyraider),FOCA-9,Generic (>500hp),1,A1-A,
A124   (Antonov An-124 Ruslan),3GE078,CF6-50C2B,4,A124-A,
A148   (Antonov An-148),13ZM004,D-436-148 F2,2,A148-A,
A158   (Antonov An-158) with 13ZM003 engines,13ZM003,D-436-148 F1,2,A158-A,
A158   (Antonov An-158) with 13ZM004 engines,13ZM004,D-436-148 F2,2,A158-B,
A20     (Douglas A-20 Havoc),FOCA-9,Generic (>500hp),2,A20-A,
A205   (Oskbes-Mai MAI-205),FOCA-2,IO-360-A1B6,1,A205-A,
A21   (Aeropract A-21 Solo),FOCA-13,Rotax 582 DCDI,1,A21-A,
A210   (Aquila A-210),FOCA-15,Rotax 912S,1,A210-A,
A225   (Antonov An-225 Mriya),3GE077,CF6-50E2,6,A225-A,
A23   (Aeropract A-23 Dragon),FOCA-13,Rotax 582 DCDI,1,A23-A,
A3   (Douglas Skywarrior),4RR035,Spey 555,2,A3-A,
A306   (Airbus A-300B4-600) with 1PW030 engines,1PW030,JT9D-7R4H1,2,A306-E,
A306   (Airbus A-300B4-600) with 1PW048 engines **,1PW048,PW4158,2,A306-F,
A306   (Airbus A-300B4-600) with 2GE036 engines,2GE036,CF6-80C2A1,2,A306-A,
A306   (Airbus A-300B4-600) with 2GE038 engines,2GE038,CF6-80C2A3,2,A306-B,
A306   (Airbus A-300B4-600) with 2GE039 engines,2GE039,CF6-80C2A5,2,A306-C,
A306   (Airbus A-300B4-600) with 3GE056 engines,3GE056,CF6-80C2A5F,2,A306-D,
A30B   (Airbus A-300B2) with 3GE070 engines,3GE070,CF6-50C,2,A30B-A,
A30B   (Airbus A-300B2) with 3GE074 engines **,3GE074,CF6-50C2,2,A30B-B,
A310   (Airbus A-310) with 1GE013 engines,1GE013,CF6-80A3,2,A310-A,
A310   (Airbus A-310) with 1PW026 engines,1PW026,JT9D-7R4D -7R4D1,2,A310-D,
A310   (Airbus A-310) with 1PW027 engines,1PW027,JT9D-7R4E -7R4E1,2,A310-E,
A310   (Airbus A-310) with 1PW045 engines,1PW045,PW4152,2,A310-F,
A310   (Airbus A-310) with 1PW047 engines,1PW047,PW4156,2,A310-G,
A310   (Airbus A-310) with 2GE037 engines **,2GE037,CF6-80C2A2,2,A310-B,
A310   (Airbus A-310) with 2GE040 engines,2GE040,CF6-80C2A8,2,A310-C,
A318   (Airbus A-318) with 7CM048 engines **,7CM048,CFM56-5B8/P,2,A318-A,A318
A318   (Airbus A-318) with 7PW083 engines,7PW083,PW6122A,2,A318-B,A318
A318   (Airbus A-318) with 7PW084 engines,7PW084,PW6124A,2,A318-C,A318
A319   (Airbus A-319) with 1IA003 engines,1IA003,V2527-A5,2,A319-J,A319
A319   (Airbus A-319) with 3CM027 engines **,3CM027,CFM56-5B5/P,2,A319-D,A319
A319   (Airbus A-319) with 3CM028 engines,3CM028,CFM56-5B6/P,2,A319-E,A319
A319   (Airbus A-319) with 3IA006 engines,3IA006,V2522-A5,2,A319-H,A319
A319   (Airbus A-319) with 3IA007 engines,3IA007,V2524-A5,2,A319-I,A319
A319   (Airbus A-319) with 4CM035 engines,4CM035,CFM56-5A4,2,A319-A,A319
A319   (Airbus A-319) with 4CM036 engines,4CM036,CFM56-5A5,2,A319-B,A319
A319   (Airbus A-319) with 6CM044 engines,6CM044,CFM56-5B7/P,2,A319-G,A319
A319   (Airbus A-319) with 8CM056 engines,8CM056,CFM56-5B5/3,2,A319-C,A319
A319   (Airbus A-319) with 8CM058 engines,8CM058,CFM56-5B7/3,2,A319-F,A319
A319   (Airbus A-319) with 8IA009 engines,8IA009,V2527M-A5,2,A319-K,A319
A320   (Airbus A-320) with 1CM008 engines,1CM008,CFM56-5-A1,2,A320-A,A320
A320   (Airbus A-320) with 1CM009 engines,1CM009,CFM56-5A3,2,A320-B,A320
A320   (Airbus A-320) with 1IA001 engines,1IA001,V2500-A1,2,A320-H,A320
A320   (Airbus A-320) with 1IA003 engines,1IA003,V2527-A5,2,A320-I,A320
A320   (Airbus A-320) with 2CM018 engines,2CM018,CFM56-5B4/2,2,A320-C,A320
A320   (Airbus A-320) with 3CM021 engines,3CM021,CFM56-5B4/2P,2,A320-D,A320
A320   (Airbus A-320) with 3CM026 engines **,3CM026,CFM56-5B4/P,2,A320-F,A320
A320   (Airbus A-320) with 3CM028 engines,3CM028,CFM56-5B6/P,2,A320-G,A320
A320   (Airbus A-320) with 8CM055 engines,8CM055,CFM56-5B4/3,2,A320-E,A320
A320   (Airbus A-320) with 8IA010 engines,8IA010,V2527E-A5,2,A320-J,A320
A320   (Airbus A-320 NEO) with 15PW105 engines,15PW105,PW1127G-JM,2,320N-A,A320
A321   (Airbus A-321) with 1IA005 engines,1IA005,V2530-A5,2,A321-F,A321
A321   (Airbus A-321) with 2CM012 engines,2CM012,CFM56-5B1,2,A321-A,A321
A321   (Airbus A-321) with 2CM013 engines,2CM013,CFM56-5B2,2,A321-C,A321
A321   (Airbus A-321) with 3CM020 engines,3CM020,CFM56-5B1/2P,2,A321-B,A321
A321   (Airbus A-321) with 3CM025 engines,3CM025,CFM56-5B3/P,2,A321-E,A321
A321   (Airbus A-321) with 3IA008 engines **,3IA008,V2533-A5,2,A321-G,A321
A321   (Airbus A-321) with 8CM054 engines,8CM054,CFM56-5B3/3,2,A321-D,A321
A33   (Aeropract A-33),FOCA-15,Rotax 912S,1,A33-A,
A332   (Airbus A-330-200) with 2GE051 engines,2GE051,CF6-80E1A2,2,A332-A,A330
A332   (Airbus A-330-200) with 4GE081 engines,4GE081,CF6-80E1A4,2,A332-C,A330
A332   (Airbus A-330-200) with 5GE085 engines,5GE085,CF6-80E1A3,2,A332-B,A330
A332   (Airbus A-330-200) with 7PW082 engines,7PW082,PW4168A,2,A332-D,A330
A332   (Airbus A-330-200) with 14RR071 engines **,14RR071,Trent 772,2,A332-E,A330
A333   (Airbus A-330-300) with 2GE051 engines,2GE051,CF6-80E1A2,2,A333-A,
A333   (Airbus A-330-300) with 5PW075 engines,5PW075,PW4168,2,A333-C,
A333   (Airbus A-330-300) with 7PW081 engines,7PW081,PW4164,2,A333-B,
A333   (Airbus A-330-300) with 7PW082 engines,7PW082,PW4168A,2,A333-E,
A333   (Airbus A-330-300) with 9PW093 engines,9PW093,PW4168-1D,2,A333-D,
A333   (Airbus A-330-300) with 14RR070 engines,14RR070,Trent 768,2,A333-F,
A333   (Airbus A-330-300) with 14RR071 engines **,14RR071,Trent 772,2,A333-G,
A342   (Airbus A-340-200) with 1CM010 engines **,1CM010,CFM56-5C2,4,A342-A,
A342   (Airbus A-340-200) with 1CM011 engines,1CM011,CFM56-5C3,4,A342-B,
A343   (Airbus A-340-300) with 1CM010 engines,1CM010,CFM56-5C2,4,A343-A,A340
A343   (Airbus A-340-300) with 1CM011 engines,1CM011,CFM56-5C3,4,A343-B,A340
A343   (Airbus A-340-300) with 2CM015 engines **,2CM015,CFM56-5C4,4,A343-C,A340
A343   (Airbus A-340-300) with 7CM047 engines,7CM047,CFM56-5C4/P,4,A343-D,A340
A345   (Airbus A-340-500) with 8RR044 engines **,8RR044,Trent 553-61,4,A345-A,
A345   (Airbus A-340-500) with 8RR045 engines,8RR045,Trent 556-61,4,A345-B,
A346   (Airbus A-340-600) with 8RR044 engines,8RR044,Trent 553-61,4,A346-A,
A346   (Airbus A-340-600) with 8RR045 engines **,8RR045,Trent 556-61,4,A346-B,
A359   (Airbus A-350-900 XWB),14RR075,Trent XWB-84,2,A359-A,
A37   (Cessna Dragonfly),3CM022,CFM56-5B6/2P,2,A37-A,
A388   (Airbus A-380-800) with 8RR046 engines **,8RR046,Trent 970-84,4,A388-B,
A388   (Airbus A-380-800) with 9EA001 engines,9EA001,GP7270,4,A388-A,
A3ST   (Airbus A-300ST Super Transporter),2GE040,CF6-80C2A8,2,A3ST-A,
A4   (Douglas Skyhawk),1GE034,CF34-3A,1,A4-A,
A50   (Beriev A-50),1AA002,D-30KP-2,4,A50-A,
A743   (Antonov An-74-300),1ZM001,D-36,2,A743-A,
AA1   (American AA-1 Yankee),FOCA-5,O-200,1,AA1-A,
AA5   (Grumman American AA-5 Tiger),FOCA-7,O-360-A3A,1,AA5-A,
AC10   (FD-Composites AC-10 Arrow-Copter),FOCA-16,Rotax 914,1,AC10-A,
AC11   (Rockwell Commander 112),FOCA-3,IO-540-T4A5D,1,AC11-A,
AC50   (North American Rockwell Commander 500),FOCA-4,IO-550-B,2,AC50-A,
AC56   (North American Rockwell Commander 560),FOCA-3,IO-540-T4A5D,2,AC56-A,
AC5A   (Nanjing AC-500 Aircar),FOCA-3,IO-540-T4A5D,1,AC5A-A,
AC68   (Aero Commander 680 Super),FOCA-18,TIO-540-J2B2,2,AC68-A,
AC6L   (Rockwell Commander 685),FOCA-18,TIO-540-J2B2,2,AC6L-A,
AC72   (Aero Commander 720 Alti Cruiser),FOCA-18,TIO-540-J2B2,2,AC72-A,
AE45   (Let Aero 45),FOCA-6,O-320-E2A,2,AE45-A,
AEST   (Piper PA-60 Aerostar),FOCA-18,TIO-540-J2B2,2,AEST-A,
AN2   (Antonov An-2),FOCA-9,Generic (>500hp),1,AN2-A,
AN72   (Antonov An-72),1ZM001,D-36,2,AN72-A,
ANGL   (Angel Angel),FOCA-4,IO-550-B,2,ANGL-A,
APM2   (Issoire APM-20 Lionceau),FOCA-14,Rotax 912,1,APM2-A,
AS02   (Ffa AS-202-15 Bravo),FOCA-16,Rotax 914,1,AS02-A,
AS14   (Schleicher ASK-14),FOCA-13,Rotax 582 DCDI,1,AS14-A,
AS22   (Schleicher ASW-22M),FOCA-13,Rotax 582 DCDI,1,AS22-A,
AS26   (Schleicher ASH-26E),FOCA-2,IO-360-A1B6,1,AS26-A,
ASTR   (IAI C-38 Astra),1AS002,TFE731-3,2,ASTR-A,
AT3   (AIDC AT-3 Tzu-Chung),1AS002,TFE731-3,2,AT3-A,
ATL   (Robin ATL),FOCA-2,IO-360-A1B6,1,ATL-A,
ATLA   (Breguet Atlantic),3CM027,CFM56-5B5/P,2,ATLA-A,
B103   (Beriev Be-103 Bekas),FOCA-2,IO-360-A1B6,2,B103-A,
B17   (Boeing B-17 Flying Fortress),FOCA-9,Generic (>500hp),4,B17-A,
B2   (Northrop B-2 Spirit),3CM022,CFM56-5B6/2P,4,B2-A,
B209   (Messerschmitt-Bolkow BO-209 Monsun),FOCA-1,IO-320-DIAD,1,B209-A,
B23   (Douglas B-23 Dragon),FOCA-9,Generic (>500hp),2,B23-A,
B25   (North American B-25 Mitchell),FOCA-9,Generic (>500hp),2,B25-A,
B26   (Douglas B-26 Invader),FOCA-9,Generic (>500hp),2,B26-A,
B29   (Boeing B-29 Superfortress),FOCA-9,Generic (>500hp),4,B29-A,
B461   (British Aerospace BAe-146-100),1TL003,ALF 502R-5,4,B461-A,
B462   (British Aerospace BAe-146-200),1TL003,ALF 502R-5,4,B462-A,BAE200
B463   (British Aerospace BAe-146-300) with 1TL003 engines **,1TL003,ALF 502R-5,4,B463-A,BAE300
B463   (British Aerospace BAe-146-300) with 1TL004 engines,1TL004,LF507-1F -1H ,4,B463-B,BAE300
B52   (Boeing B-52 Stratofortress),1PW015,JT8D-17AR,8,B52-A,
B58T   (Beech 58P Pressurized Baron,FOCA-20,TSIO-520-WB,2,B58T-A,
B60   (Boisavia B-60 Mercurey),FOCA-6,O-320-E2A,1,B60-A,
B701   (Boeing 707-100),1PW001,JT3D-3B,4,B701-A,
B703   (Boeing 707-300) with 1PW001 engines **,1PW001,JT3D-3B,4,B703-A,
B703   (Boeing 707-300) with 1PW003 engines,1PW003,JT3D-7 series,4,B703-B,
B712   (Boeing 717-200) with 4BR005 engines **,4BR005,BR700-715A1-30,2,B712-A,
B712   (Boeing 717-200) with 4BR007 engines,4BR007,BR700-715C1-30,2,B712-B,
B720   (Boeing 720),1PW001,JT3D-3B,4,B720-A,
B721   (Boeing 727-100) with 1PW007 engines,1PW007,JT8D-9 series,3,B721-C,
B721   (Boeing 727-100) with 3RR033 engines,3RR033,Tay 651,3,B721-D,
B721   (Boeing 727-100) with 4PW070 engines **,4PW070,JT8D-217C,3,B721-A,
B721   (Boeing 727-100) with 8PW085 engines,8PW085,JT8D-7 series,3,B721-B,
B722   (Boeing 727-200) with 1PW007 engines,1PW007,JT8D-9 series,3,B722-H,
B722   (Boeing 727-200) with 1PW010 engines,1PW010,JT8D-15,3,B722-A,
B722   (Boeing 727-200) with 1PW011 engines,1PW011,JT8D-15A,3,B722-B,
B722   (Boeing 727-200) with 1PW013 engines,1PW013,JT8D-17,3,B722-C,
B722   (Boeing 727-200) with 1PW014 engines,1PW014,JT8D-17A,3,B722-D,
B722   (Boeing 727-200) with 1PW016 engines,1PW016,JT8D-17R,3,B722-E,
B722   (Boeing 727-200) with 4PW070 engines **,4PW070,JT8D-217C,3,B722-F,
B722   (Boeing 727-200) with 8PW085 engines,8PW085,JT8D-7 series,3,B722-G,
B732   (Boeing 737-200) with 1PW007 engines,1PW007,JT8D-9 series,2,B732-F,
B732   (Boeing 737-200) with 1PW010 engines,1PW010,JT8D-15,2,B732-A,
B732   (Boeing 737-200) with 1PW011 engines **,1PW011,JT8D-15A,2,B732-B,
B732   (Boeing 737-200) with 1PW013 engines,1PW013,JT8D-17,2,B732-C,
B732   (Boeing 737-200) with 1PW014 engines,1PW014,JT8D-17A,2,B732-D,
B732   (Boeing 737-200) with 8PW085 engines,8PW085,JT8D-7 series,2,B732-E,
B733   (Boeing 737-300) with 1CM004 engines **,1CM004,CFM56-3-B1,2,B733-A,B737300
B733   (Boeing 737-300) with 1CM005 engines,1CM005,CFM56-3B-2,2,B733-B,B737300
B733   (Boeing 737-300) with 1CM007 engines,1CM007,CFM56-3C-1,2,B733-C,B737300
B734   (Boeing 737-400) with 1CM005 engines,1CM005,CFM56-3B-2,2,B734-A,B737400
B734   (Boeing 737-400) with 1CM007 engines **,1CM007,CFM56-3C-1,2,B734-B,B737400
B735   (Boeing 737-500) with 1CM004 engines **,1CM004,CFM56-3-B1,2,B735-A,
B735   (Boeing 737-500) with 1CM007 engines,1CM007,CFM56-3C-1,2,B735-B,
B736   (Boeing 737-600) with 3CM030 engines **,3CM030,CFM56-7B20,2,B736-A,
B736   (Boeing 737-600) with 3CM031 engines,3CM031,CFM56-7B22,2,B736-B,
B736   (Boeing 737-600) with 8CM051 engines,8CM051,CFM56-7B26,2,B736-C,
B737   (Boeing 737-700) with 3CM030 engines,3CM030,CFM56-7B20,2,B737-B,
B737   (Boeing 737-700) with 3CM031 engines,3CM031,CFM56-7B22,2,B737-C,
B737   (Boeing 737-700) with 3CM032 engines **,3CM032,CFM56-7B24,2,B737-D,
B737   (Boeing 737-700) with 3CM034 engines,3CM034,CFM56-7B27,2,B737-F,
B737   (Boeing 737-700) with 5GE085 engines,5GE085,CF6-80E1A3,2,B737-A,
B737   (Boeing 737-700) with 8CM051 engines,8CM051,CFM56-7B26,2,B737-E,
B738   (Boeing 737-800) with 3CM030 engines,3CM030,CFM56-7B20,2,B738-A,B737800
B738   (Boeing 737-800) with 3CM031 engines,3CM031,CFM56-7B22,2,B738-B,B737800
B738   (Boeing 737-800) with 3CM032 engines,3CM032,CFM56-7B24,2,B738-C,B737800
B738   (Boeing 737-800) with 3CM034 engines,3CM034,CFM56-7B27,2,B738-E,B737800
B738   (Boeing 737-800) with 8CM051 engines **,8CM051,CFM56-7B26,2,B738-D,B737800
B738   (Boeing 737-800) with 11CM078 engines,11CM078,CFM56-7B27E/B1,2,B738-F,B737800
B739   (Boeing 737-900),8CM051,CFM56-7B26,2,B739-A,B737900
B741   (Boeing 747-100) with 1PW023 engines,1PW023,JT9D-7F,4,B741-C,
B741   (Boeing 747-100) with 1RR006 engines,1RR006,RB211-524C2,4,B741-D,
B741   (Boeing 747-100) with 8PW085 engines **,8PW085,JT8D-7 series,4,B741-A,
B741   (Boeing 747-100) with 8PW087 engines,8PW087,JT9D-7A,4,B741-B,
B742   (Boeing 747-200) with 1PW023 engines,1PW023,JT9D-7F,4,B742-D,
B742   (Boeing 747-200) with 1PW024 engines,1PW024,JT9D-7J,4,B742-E,
B742   (Boeing 747-200) with 1PW025 engines,1PW025,JT9D-7Q,4,B742-F,
B742   (Boeing 747-200) with 1PW029 engines,1PW029,JT9D-7R4G2,4,B742-G,
B742   (Boeing 747-200) with 1PW034 engines,1PW034,JT9D-70A,4,B742-B,
B742   (Boeing 747-200) with 1RR006 engines,1RR006,RB211-524C2,4,B742-H,
B742   (Boeing 747-200) with 1RR008 engines,1RR008,RB211-524D4,4,B742-I,
B742   (Boeing 747-200) with 3GE077 engines **,3GE077,CF6-50E2,4,B742-A,
B742   (Boeing 747-200) with 8PW087 engines,8PW087,JT9D-7A,4,B742-C,
B743   (Boeing 747-300) with 1PW029 engines,1PW029,JT9D-7R4G2,4,B743-D,B747
B743   (Boeing 747-300) with 1RR008 engines,1RR008,RB211-524D4,4,B743-E,B747
B743   (Boeing 747-300) with 2GE041 engines,2GE041,CF6-80C2B1,4,B743-C,B747
B743   (Boeing 747-300) with 3GE077 engines **,3GE077,CF6-50E2,4,B743-B,B747
B743   (Boeing 747-300) with 3GE078 engines,3GE078,CF6-50C2B,4,B743-A,B747
B744   (Boeing 747-400 - international winglets) with 1PW042 engines,1PW042,PW4056,4,B744-D,B744
B744   (Boeing 747-400 - international winglets) with 1RR010 engines,1RR010,RB211-524G,4,B744-F,B744
B744   (Boeing 747-400 - international winglets) with 1RR011 engines,1RR011,RB211-524H,4,B744-H,B744
B744   (Boeing 747-400 - international winglets) with 2GE041 engines,2GE041,CF6-80C2B1,4,B744-A,B744
B744   (Boeing 747-400 - international winglets) with 2GE045 engines **,2GE045,CF6-80C2B1F,4,B744-B,B744
B744   (Boeing 747-400 - international winglets) with 3GE057 engines,3GE057,CF6-80C2B5F,4,B744-C,B744
B744   (Boeing 747-400 - international winglets) with 4RR036 engines,4RR036,RB211-524G-T,4,B744-G,B744
B744   (Boeing 747-400 - international winglets) with 12PW102 engines,12PW102,PW4062,4,B744-E,B744
B748   (Boeing 747-8),11GE139,GEnx-2B67,4,B748-A,
B74D   (Boeing 747-400 - domestic no winglets),2GE045,CF6-80C2B1F,4,B74D-A,
B74R   (Boeing 747SR) with 3GE068 engines **,3GE068,CF6-45A2,4,B74R-A,
B74R   (Boeing 747SR) with 8PW087 engines,8PW087,JT9D-7A,4,B74R-B,
B74S   (Boeing 747SP) with 1PW023 engines,1PW023,JT9D-7F,4,B74S-D,
B74S   (Boeing 747SP) with 1PW024 engines,1PW024,JT9D-7J,4,B74S-E,
B74S   (Boeing 747SP) with 1RR006 engines,1RR006,RB211-524C2,4,B74S-F,
B74S   (Boeing 747SP) with 1RR008 engines,1RR008,RB211-524D4,4,B74S-G,
B74S   (Boeing 747SP) with 8PW085 engines **,8PW085,JT8D-7 series,4,B74S-A,
B74S   (Boeing 747SP) with 8PW086 engines,8PW086,JT9D-7,4,B74S-B,
B74S   (Boeing 747SP) with 8PW087 engines,8PW087,JT9D-7A,4,B74S-C,
B752   (Boeing 757-200) with 1RR012 engines,1RR012,RB211-535C,2,B752-C,
B752   (Boeing 757-200) with 4PW072 engines,4PW072,PW2037,2,B752-A,
B752   (Boeing 757-200) with 4PW073 engines,4PW073,PW2040,2,B752-B,
B752   (Boeing 757-200) with 5RR038 engines **,5RR038,RB211-535E4,2,B752-D,
B752   (Boeing 757-200) with 5RR039 engines,5RR039,RB211-535E4B,2,B752-E,
B753   (Boeing 757-300) with 4PW073 engines,4PW073,PW2040,2,B753-A,
B753   (Boeing 757-300) with 5RR038 engines,5RR038,RB211-535E4,2,B753-B,
B753   (Boeing 757-300) with 5RR039 engines **,5RR039,RB211-535E4B,2,B753-C,
B762   (Boeing 767-200) with 1GE010 engines,1GE010,CF6-80A,2,B762-A,
B762   (Boeing 767-200) with 1GE012 engines **,1GE012,CF6-80A2,2,B762-B,
B762   (Boeing 767-200) with 1PW026 engines,1PW026,JT9D-7R4D -7R4D1,2,B762-I,
B762   (Boeing 767-200) with 1PW027 engines,1PW027,JT9D-7R4E -7R4E1,2,B762-J,
B762   (Boeing 767-200) with 1PW028 engines,1PW028,JT9D-7R4E4 -E1(H),2,B762-K,
B762   (Boeing 767-200) with 1PW042 engines,1PW042,PW4056,2,B762-L,
B762   (Boeing 767-200) with 1PW054 engines,1PW054,PW4x52,2,B762-N,
B762   (Boeing 767-200) with 2GE042 engines,2GE042,CF6-80C2B2,2,B762-C,
B762   (Boeing 767-200) with 2GE043 engines,2GE043,CF6-80C2B4,2,B762-E,
B762   (Boeing 767-200) with 2GE046 engines,2GE046,CF6-80C2B2F,2,B762-D,
B762   (Boeing 767-200) with 2GE047 engines,2GE047,CF6-80C2B4F,2,B762-F,
B762   (Boeing 767-200) with 2GE048 engines,2GE048,CF6-80C2B6F,2,B762-G,
B762   (Boeing 767-200) with 2GE055 engines,2GE055,CF6-80C2B7F,2,B762-H,
B762   (Boeing 767-200) with 12PW101 engines,12PW101,PW4060,2,B762-M,
B763   (Boeing 767-300) with 1GE012 engines,1GE012,CF6-80A2,2,B763-A,
B763   (Boeing 767-300) with 1PW042 engines,1PW042,PW4056,2,B763-H,
B763   (Boeing 767-300) with 1PW054 engines,1PW054,PW4x52,2,B763-K,
B763   (Boeing 767-300) with 1RR011 engines,1RR011,RB211-524H,2,B763-L,
B763   (Boeing 767-300) with 2GE043 engines,2GE043,CF6-80C2B4,2,B763-C,
B763   (Boeing 767-300) with 2GE044 engines,2GE044,CF6-80C2B6,2,B763-E,
B763   (Boeing 767-300) with 2GE046 engines,2GE046,CF6-80C2B2F,2,B763-B,
B763   (Boeing 767-300) with 2GE047 engines,2GE047,CF6-80C2B4F,2,B763-D,
B763   (Boeing 767-300) with 2GE048 engines,2GE048,CF6-80C2B6F,2,B763-F,
B763   (Boeing 767-300) with 2GE055 engines,2GE055,CF6-80C2B7F,2,B763-G,
B763   (Boeing 767-300) with 12PW101 engines **,12PW101,PW4060,2,B763-I,
B763   (Boeing 767-300) with 12PW102 engines,12PW102,PW4062,2,B763-J,
B764   (Boeing 767-400),2GE055,CF6-80C2B7F,2,B764-A,
B772   (Boeing 777-200) with 2PW061 engines,2PW061,PW4077,2,B772-G,
B772   (Boeing 777-200) with 2RR025 engines,2RR025,Trent 877,2,B772-K,
B772   (Boeing 777-200) with 3GE066 engines,3GE066,GE90-92B,2,B772-E,
B772   (Boeing 777-200) with 5RR040 engines,5RR040,Trent 895,2,B772-L,
B772   (Boeing 777-200) with 6GE087 engines,6GE087,GE90-76B,2,B772-B,
B772   (Boeing 777-200) with 6GE089 engines,6GE089,GE90-85B,2,B772-C,
B772   (Boeing 777-200) with 6GE090 engines,6GE090,GE90-90B,2,B772-D,
B772   (Boeing 777-200) with 7GE099 engines,7GE099,GE90-115B,2,B772-A,
B772   (Boeing 777-200) with 8GE100 engines **,8GE100,GE90-94B,2,B772-F,
B772   (Boeing 777-200) with 8PW089 engines,8PW089,PW4084,2,B772-H,
B772   (Boeing 777-200) with 10PW098 engines,10PW098,PW4084D,2,B772-I,
B772   (Boeing 777-200) with 10PW099 engines,10PW099,PW4090,2,B772-J,
B773   (Boeing 777-300) with 2RR027 engines **,2RR027,Trent 892,2,B773-B,B777
B773   (Boeing 777-300) with 5PW076 engines,5PW076,PW4098,2,B773-A,B777
B77L   (Boeing 777-200LR) with 7GE097 engines,7GE097,GE90-110B1,2,B77L-A,
B77L   (Boeing 777-200LR) with 7GE099 engines **,7GE099,GE90-115B,2,B77L-B,
B77W   (Boeing 777-300ER) with 7GE099 engines **,7GE099,GE90-115B,2,B77W-A,
B77W   (Boeing 777-300ER) with 10PW099 engines,10PW099,PW4090,2,B77W-B,
B788   (Boeing 787-8 Dreamliner) with 11GE136 engines**,11GE136,GEnx-1B64,2,B788-A,
B788   (Boeing 787-8 Dreamliner) with 12RR055 engines,12RR055,Trent 1000-A,2,B788-B,
B789   (Boeing 787-9 Dreamliner) with 11GE136 engines,11GE136,GEnx-1B64,2,B789-A,B789
B789   (Boeing 787-9 Dreamliner) with 12RR055 engines **,12RR055,Trent 1000-A,2,B789-B,B789
BA11   (BAC One-Eleven),8RR043,Spey 511,2,BA11-A,
BASS   (Beagle Basset),FOCA-18,TIO-540-J2B2,2,BASS-A,
BD17   (Bede BD-17 Nuggett),FOCA-13,Rotax 582 DCDI,1,BD17-A,
BDOG   (British Aerospace Bulldog),FOCA-2,IO-360-A1B6,1,BDOG-A,
BE17   (Beech 17 Staggerwing),FOCA-18,TIO-540-J2B2,1,BE17-A,
BE18   (Beech 18 (piston)),FOCA-18,TIO-540-J2B2,2,BE18-A,
BE19   (Beech 19 Sport),FOCA-1,IO-320-DIAD,1,BE19-A,
BE23   (Beech 23 Sundowner),FOCA-1,IO-320-DIAD,1,BE23-A,
BE24   (Beech 24 Sierra),FOCA-2,IO-360-A1B6,1,BE24-A,
BE33   (Beech 33 Bonanza),FOCA-19,TSIO-360C,1,BE33-A,
BE35   (Beech 35 Bonanza),FOCA-3,IO-540-T4A5D,1,BE35-A,
BE36   (Beech 36 Bonanza),FOCA-3,IO-540-T4A5D,1,BE36-A,
BE40   (Beech 400 Beechjet),1PW037,JT15D-5 -5A -5B,2,BE40-A,
BE50   (Beech 50 Twin Bonanza),FOCA-18,TIO-540-J2B2,2,BE50-A,
BE55   (Beech 55 Baron),FOCA-3,IO-540-T4A5D,2,BE55-A,
BE56   (Beech 56 Turbo Baron),FOCA-18,TIO-540-J2B2,2,BE56-A,
BE58   (Beech 58 Baron),FOCA-20,TSIO-520-WB,2,BE58-A,
BE60   (Beech 60 Duke),FOCA-18,TIO-540-J2B2,2,BE60-A,
BE65   (Beech 65 Queen Air),FOCA-18,TIO-540-J2B2,2,BE65-A,
BE70   (Beech 70 Queen Air),FOCA-18,TIO-540-J2B2,2,BE70-A,
BE76   (Beech 76 Duchess),FOCA-7,O-360-A3A,2,BE76-A,
BE77   (Beech 77 Skipper),FOCA-16,Rotax 914,1,BE77-A,
BE80   (Beech 80 Zamir),FOCA-18,TIO-540-J2B2,2,BE80-A,
BE88   (Beech 88 Queen Air),FOCA-18,TIO-540-J2B2,2,BE88-A,
BE95   (Beech 95 Travel Air),FOCA-7,O-360-A3A,2,BE95-A,
BER2   (Beriev Be-200 Altair),13ZM003,D-436-148 F1,2,BER2-A,
BL17   (Bellanca Super Viking),FOCA-4,IO-550-B,1,BL17-A,
BL8   (American Champion 8 Super Decathlon),FOCA-7,O-360-A3A,1,BL8-A,
BLCF   (Boeing 747-400LCF Dreamlifter),1PW042,PW4056,4,BLCF-A,
BN2P   (Britten-Norman Islander),FOCA-3,IO-540-T4A5D,2,BN2P-A,
BRAV   (Tecnam P-2004 Bravo),FOCA-15,Rotax 912S,1,BRAV-A,
BT36   (Beech B36TC Bonanza),FOCA-20,TSIO-520-WB,1,BT36-A,
BUCA   (Advanced Aviation Buccaneer),FOCA-13,Rotax 582 DCDI,1,BUCA-A,
BX2   (Brandli BX-2 Cherry),FOCA-5,O-200,1,BX2-A,
C02T   (Cessna 402 (turbine)),FOCA-20,TSIO-520-WB,2,C02T-A,
C04T   (Cessna 404 (turbine)),FOCA-20,TSIO-520-WB,2,C04T-A,
C06T   (Cessna 206 (turbine)),FOCA-18,TIO-540-J2B2,1,C06T-A,
C07T   (Cessna 207 (turbine)),FOCA-4,IO-550-B,1,C07T-A,
C10T   (Cessna P210 (turbine)),FOCA-20,TSIO-520-WB,1,C10T-A,
C120   (Cessna 120),FOCA-5,O-200,1,C120-A,
C125   (Northrop C-125 Raider),FOCA-9,Generic (>500hp),3,C125-A,
C150   (Cessna 150 Commuter),FOCA-5,O-200,1,C150-A,
C152   (Cessna A152 Aerobat),FOCA-5,O-200,1,C152-A,
C162   (Cessna 162 Skycatcher),FOCA-5,O-200,1,C162-A,
C170   (Cessna 170),FOCA-6,O-320-E2A,1,C170-A,
C172   (Cessna 172 Skyhawk),FOCA-1,IO-320-DIAD,1,C172-A,
C175   (Cessna 175 Skylark),FOCA-7,O-360-A3A,1,C175-A,
C177   (Cessna 177 Cardinal),FOCA-7,O-360-A3A,1,C177-A,
C180   (Cessna 180),FOCA-8,O-540-J3C5D,1,C180-A,
C182   (Cessna 182 Skylane),FOCA-8,O-540-J3C5D,1,C182-A,
C185   (Cessna 185 Skywagon),FOCA-4,IO-550-B,1,C185-A,
C190   (Cessna 190),FOCA-4,IO-550-B,1,C190-A,
C195   (Cessna 195),FOCA-4,IO-550-B,1,C195-A,
C205   (Cessna 205),FOCA-3,IO-540-T4A5D,1,C205-A,
C206   (Cessna 206 Super Skywagon),FOCA-4,IO-550-B,1,C206-A,
C207   (Cessna 207 Stationair 7),FOCA-4,IO-550-B,1,C207-A,
C210   (Cessna 210 Centurion),FOCA-4,IO-550-B,1,C210-A,
C21T   (Cessna 421 (turbine)),FOCA-18,TIO-540-J2B2,2,C21T-A,
C25A   (Cessna 525A Citation CJ2),1PW036,JT15D-4 series,2,C25A-A,
C25B   (Cessna 525B Citation CJ3),1PW037,JT15D-5 -5A -5B,2,C25B-A,
C25C   (Cessna 525C Citation CJ4),1AS002,TFE731-3,2,C25C-A,
C25M   (Cessna 525 Citation M2),1PW036,JT15D-4 series,2,C25M-A,
C303   (Cessna T303 Crusader),FOCA-3,IO-540-T4A5D,2,C303-A,
C310   (Cessna 310),FOCA-8,O-540-J3C5D,2,C310-A,
C320   (Cessna 320 Skyknight),FOCA-8,O-540-J3C5D,2,C320-A,
C335   (Cessna 335),FOCA-20,TSIO-520-WB,2,C335-A,
C336   (Cessna 336 Skymaster),FOCA-2,IO-360-A1B6,2,C336-A,
C337   (Cessna M337 Super Skymaster),FOCA-2,IO-360-A1B6,2,C337-A,
C340   (Cessna 340),FOCA-20,TSIO-520-WB,2,C340-A,
C402   (Cessna 402),FOCA-20,TSIO-520-WB,2,C402-A,
C404   (Cessna 404 Titan),FOCA-18,TIO-540-J2B2,2,C404-A,
C411   (Cessna 411),FOCA-18,TIO-540-J2B2,2,C411-A,
C414   (Cessna 414),FOCA-20,TSIO-520-WB,2,C414-A,
C421   (Cessna 421 Golden Eagle),FOCA-18,TIO-540-J2B2,2,C421-A,
C46   (Curtiss C-46 Commando),FOCA-9,Generic (>500hp),2,C46-A,
C500   (Cessna 500 Citation),1PW035,JT15D-1 series,2,C500-A,
C501   (Cessna 501 Citation 1SP),1PW035,JT15D-1 series,2,C501-A,
C510   (Cessna 510 Citation Mustang),1PW035,JT15D-1 series,2,C510-A,
C525   (Cessna 525 CitationJet),1PW035,JT15D-1 series,2,C525-A,
C526   (Cessna 526 CitationJet),1PW035,JT15D-1 series,2,C526-A,
C550   (Cessna 550 Citation 2),1PW036,JT15D-4 series,2,C550-A,
C551   (Cessna 551 Citation 2SP),1PW036,JT15D-4 series,2,C551-A,
C55B   (Cessna 550B Citation Bravo),1PW036,JT15D-4 series,2,C55B-A,
C560   (Cessna 560 Citation Ultra) with 1PW037 engines,1PW037,JT15D-5 -5A -5B,2,C560-A,
C560   (Cessna 560 Citation Ultra) with 1PW038 engines **,1PW038,JT15D-5C,2,C560-B,
C56X   (Cessna 560XL Citation XLS),1AS002,TFE731-3,2,C56X-A,
C650   (Cessna 650 Citation 3),1AS002,TFE731-3,2,C650-A,
C680   (Cessna 680 Citation Sovereign),7PW077,PW306A,2,C680-A,
C72R   (Cessna 172RG Cutlass RG),FOCA-1,IO-320-DIAD,1,C72R-A,
C750   (Cessna 750 Citation 10) with 6AL024 engines **,6AL024,AE3007C1,2,C750-B,
C750   (Cessna 750 Citation 10) with 8AL025 engines,8AL025,AE3007C,2,C750-A,
C77R   (Cessna 177RG Cardinal RG),FOCA-7,O-360-A3A,1,C77R-A,
C82   (Fairchild C-82 Packet),FOCA-9,Generic (>500hp),2,C82-A,
C82R   (Cessna R182 Skylane RG),FOCA-8,O-540-J3C5D,1,C82R-A,
C97   (Boeing C-97 Stratofreighter),FOCA-9,Generic (>500hp),4,C97-A,
CA25   (Commonwealth CA-25 Winjeel),FOCA-18,TIO-540-J2B2,1,CA25-A,
CAT   (Consolidated PBY Catalina),FOCA-9,Generic (>500hp),2,CAT-A,
CE22   (Chernov Che-22 Corvette),FOCA-13,Rotax 582 DCDI,2,CE22-A,
CE25   (Chernov Che-25),FOCA-15,Rotax 912S,2,CE25-A,
CE43   (Cerva CE-43 Guepard),FOCA-3,IO-540-T4A5D,1,CE43-A,
CH20   (Zenair CH-200 Z�nith),FOCA-5,O-200,1,CH20-A,
CH30   (Zenair CH-300 Tri-Z�nith),FOCA-6,O-320-E2A,1,CH30-A,
CH64   (Zenair CH-640 Zodiac),7GE099,GE90-115B,1,CH64-A,
CJ1   (Corby CJ-1 Starlet),FOCA-15,Rotax 912S,1,CJ1-A,
CL2P   (Canadair CL-215),FOCA-9,Generic (>500hp),2,CL2P-A,
CL30   (Bombardier Challenger 300) with 11HN003 engines **,11HN003, HTF7000,2,CL30-A,
CL30   (Bombardier Challenger 300) with 14HN009 engines,14HN009,HTF7350,2,CL30-B,
CL35   (Bombardier Challenger 350),14HN009,HTF7350,2,CL35-A,
CL41   (Canadair CL-41 Tutor),1PW036,JT15D-4 series,1,CL41-A,
CL60   (Canadair Challenger 600) with 11GE147 engines,11GE147,CF34-10E7-B,2,CL60-B,
CL60   (Canadair Challenger 600) with 1GE034 engines,1GE034,CF34-3A,2,CL60-C,
CL60   (Canadair Challenger 600) with 1GE035 engines,1GE035,CF34-3A1,2,CL60-D,
CL60   (Canadair Challenger 600) with 1TL001 engines,1TL001,ALF 502L-2,2,CL60-A,
CL60   (Canadair Challenger 600) with 5GE084 engines **,5GE084,CF34-3B,2,CL60-E,
CMD1   (Air Command Commander 147),FOCA-1,IO-320-DIAD,1,CMD1-A,
COAR   (Cobra Arrow),FOCA-14,Rotax 912,1,COAR-A,
COL3   (Columbia Columbia 350),FOCA-4,IO-550-B,1,COL3-A,
COL4   (Columbia Columbia 400),FOCA-4,IO-550-B,1,COL4-A,
CONI   (Lockheed Constellation),FOCA-9,Generic (>500hp),4,CONI-A,
COZY   (Cosy Cosy Classic),FOCA-7,O-360-A3A,1,COZY-A,
CP10   (Cap Aviation CAP-10),FOCA-7,O-360-A3A,1,CP10-A,
CP21   (Mudry CAP-21),FOCA-2,IO-360-A1B6,1,CP21-A,
CP22   (Cap Aviation CAP-222),FOCA-8,O-540-J3C5D,1,CP22-A,
CR10   (Dyn'Aero CR-100),FOCA-7,O-360-A3A,1,CR10-A,
CRJ1   (Canadair Regional Jet RJ-100) with 1GE035 engines **,1GE035,CF34-3A1,2,CRJ1-A,CRJ100
CRJ1   (Canadair Regional Jet RJ-100) with 5GE084 engines,5GE084,CF34-3B,2,CRJ1-B,
CRJ2   (Canadair CL-600 Regional Jet RJ-200) with 1GE035 engines,1GE035,CF34-3A1,2,CRJ2-A,
CRJ2   (Canadair CL-600 Regional Jet RJ-200) with 5GE084 engines **,5GE084,CF34-3B,2,CRJ2-B,
CRJ7   (Canadair Regional Jet CRJ-700) with 5GE083 engines **,5GE083,CF34-8C1,2,CRJ7-A,CRJ700
CRJ7   (Canadair Regional Jet CRJ-700) with 8GE112 engines,8GE112,CF34-8C5B1,2,CRJ7-B,
CRJ9   (Canadair Regional Jet CRJ-900),8GE110,CF34-8C5,2,CRJ9-A,
CRJX   (Bombardier Regional Jet CRJ-1000),8GE104,CF34-8C5A2,2,CRJX-A,
CRUZ   (Csa SportCruiser),FOCA-15,Rotax 912S,1,CRUZ-A,
CVLP   (Convair CV-240 Convairliner),FOCA-9,Generic (>500hp),2,CVLP-A,
D140   (Jodel D-140 Abeille),FOCA-7,O-360-A3A,1,D140-A,
D250   (Centre Est DR-250 Capitaine),FOCA-16,Rotax 914,1,D250-A,
D253   (Centre Est DR-253 Regent),FOCA-16,Rotax 914,1,D253-A,
D28D   (Dornier Do-28D Skyservant),FOCA-18,TIO-540-J2B2,2,D28D-A,
D6   (Auster D-6),FOCA-7,O-360-A3A,1,D6-A,
D7   (Fokker D-7 Replica),FOCA-2,IO-360-A1B6,1,D7-A,
DA2   (Davis DA-2),FOCA-13,Rotax 582 DCDI,1,DA2-A,
DA40   (Diamond DA-40 Diamond Star),FOCA-7,O-360-A3A,1,DA40-A,
DA42   (Diamond DA-42 Twin Star),FOCA-7,O-360-A3A,2,DA42-A,
DA5   (Davis DA-5),FOCA-2,IO-360-A1B6,1,DA5-A,
DAHU   (Pena Dahu),FOCA-7,O-360-A3A,1,DAHU-A,
DC10   (Mcdonnell Douglas DC-10) with 1GE001 engines,1GE001,CF6-6D,3,DC10-F,
DC10   (Mcdonnell Douglas DC-10) with 1GE002 engines,1GE002,CF6-6D1A,3,DC10-G,
DC10   (Mcdonnell Douglas DC-10) with 1GE003 engines,1GE003,CF6-6K,3,DC10-H,
DC10   (Mcdonnell Douglas DC-10) with 1PW033 engines,1PW033,JT9D-59A,3,DC10-I,
DC10   (Mcdonnell Douglas DC-10) with 3GE070 engines,3GE070,CF6-50C,3,DC10-A,
DC10   (Mcdonnell Douglas DC-10) with 3GE072 engines,3GE072,CF6-50C2R,3,DC10-E,
DC10   (Mcdonnell Douglas DC-10) with 3GE073 engines,3GE073,CF6-50C1,3,DC10-B,
DC10   (Mcdonnell Douglas DC-10) with 3GE074 engines **,3GE074,CF6-50C2,3,DC10-C,
DC10   (Mcdonnell Douglas DC-10) with 3GE078 engines,3GE078,CF6-50C2B,3,DC10-D,
DC3   (Douglas DC-3),FOCA-9,Generic (>500hp),2,DC3-A,
DC6   (Douglas DC-6),FOCA-9,Generic (>500hp),4,DC6-A,
DC7   (Douglas DC-7),FOCA-9,Generic (>500hp),4,DC7-A,
DC85   (Mcdonnell Douglas DC-8-50),1PW001,JT3D-3B,4,DC85-A,
DC86   (Mcdonnell Douglas DC-8-60) with 1PW001 engines,1PW001,JT3D-3B,4,DC86-A,
DC86   (Mcdonnell Douglas DC-8-60) with 1PW003 engines **,1PW003,JT3D-7 series,4,DC86-B,
DC87   (Mcdonnell Douglas DC-8-70),1CM003,CFM56-2-C5,4,DC87-A,
DC91   (Mcdonnell Douglas DC-9-10),8PW085,JT8D-7 series,2,DC91-A,
DC92   (Mcdonnell Douglas DC-9-20),1PW008,JT8D-11,2,DC92-A,
DC93   (Mcdonnell Douglas DC-9-30) with 1PW007 engines,1PW007,JT8D-9 series,2,DC93-D,
DC93   (Mcdonnell Douglas DC-9-30) with 1PW010 engines **,1PW010,JT8D-15,2,DC93-A,
DC93   (Mcdonnell Douglas DC-9-30) with 1PW013 engines,1PW013,JT8D-17,2,DC93-B,
DC93   (Mcdonnell Douglas DC-9-30) with 8PW085 engines,8PW085,JT8D-7 series,2,DC93-C,
DC95   (Mcdonnell Douglas DC-9-50) with 1PW013 engines **,1PW013,JT8D-17,2,DC95-A,
DC95   (Mcdonnell Douglas DC-9-50) with 1PW014 engines,1PW014,JT8D-17A,2,DC95-B,
DG50   (Glaser-Dirks DG-500M),FOCA-13,Rotax 582 DCDI,1,DG50-A,
DH60   (De Havilland DH-60 Moth),FOCA-5,O-200,1,DH60-A,
DH82   (De Havilland DH-82 Tiger Moth),FOCA-17,TAE-125-01,1,DH82-A,
DH89   (De Havilland DH-89 Dragon Rapide),FOCA-10,Prop-200hp,2,DH89-A,
DHA3   (De Havilland Australia DHA-3 Drover),FOCA-2,IO-360-A1B6,3,DHA3-A,
DHC2   (De Havilland Canada DHC-2 Mk1 Beaver),FOCA-18,TIO-540-J2B2,1,DHC2-A,
DHC3   (De Havilland Canada DHC-3 Otter),FOCA-18,TIO-540-J2B2,1,DHC3-A,
DHC4   (De Havilland Canada DHC-4 Caribou),FOCA-9,Generic (>500hp),2,DHC4-A,
DIMO   (Diamond Super Dimona),FOCA-13,Rotax 582 DCDI,1,DIMO-A,
DJET   (Diamond D-Jet),7PW078,PW306B,1,DJET-A,
DLTA   (Verhees Delta),FOCA-13,Rotax 582 DCDI,1,DLTA-A,
DO27   (Dornier Do-27),FOCA-3,IO-540-T4A5D,1,DO27-A,
DO28   (Dornier Do-28A),FOCA-4,IO-550-B,2,DO28-A,
DOVE   (De Havilland DH-104 Dove),FOCA-18,TIO-540-J2B2,2,DOVE-A,
DR10   (Centre Est DR-100 Ambassadeur),FOCA-5,O-200,1,DR10-A,
DR22   (Centre Est DR-220 2+2),FOCA-16,Rotax 914,1,DR22-A,
DR30   (Centre Est DR-340 Major),FOCA-7,O-360-A3A,1,DR30-A,
DR40   (Robin DR-400 Ecoflyer),FOCA-7,O-360-A3A,1,DR40-A,
DV20   (Diamond DV-20 Katana),FOCA-6,O-320-E2A,1,DV20-A,
E135   (Embraer EMB-135LR),6AL019,AE3007A3,2,E135-A,ERJ135
E145   (Embraer ERJ-145ER) with 4AL003 engines **,4AL003,AE3007A,2,E145-A,ERJ145
E145   (Embraer ERJ-145ER) with 6AL007 engines,6AL007,AE3007A1,2,E145-B,
E145   (Embraer ERJ-145ER) with 6AL019 engines,6AL019,AE3007A3,2,E145-C,
E170   (Embraer ERJ-170-100),8GE108,CF34-8E5,2,E170-A,
E190   (Embraer ERJ-190) with 11GE144 engines,11GE144,CF34-10E5A1,2,E190-A,
E190   (Embraer ERJ-190) with 11GE146 engines **,11GE146,CF34-10E7,2,E190-B,
E300   (Extra EA-300),FOCA-4,IO-550-B,1,E300-A,
E35L   (Embraer EMB-135BJ Legacy 600) with 6AL019 engines **,6AL019,AE3007A3,2,E35L-B,
E35L   (Embraer EMB-135BJ Legacy 600) with 10AL026 engines,10AL026,AE3007A2,2,E35L-A,
E400   (Extra EA-400),FOCA-18,TIO-540-J2B2,1,E400-A,
E45X   (Embraer EMB-145XR),3CM022,CFM56-5B6/2P,2,E45X-A,
E50P   (Embraer EMB-500 Phenom 100),1PW035,JT15D-1 series,2,E50P-A,
E545   (Embraer EMB-545 Legacy 450),14HN006,HTF7500E,2,E545-A,
E550   (Embraer EMB-550 Legacy 500),14HN006,HTF7500E,2,E550-A,
E55P   (Embraer EMB-505 Phenom 300),1AS001,TFE731-2-2B,2,E55P-A,
E737   (Boeing 737-700 AEWC),8CM051,CFM56-7B26,2,E737-A,
E75L   (Embraer ERJ-170-200) long wing,8GE108,CF34-8E5,2,E75L-A,
E75S   (Embraer ERJ-170-200) short wing,8GE108,CF34-8E5,2,E75S-A,
EA50   (Eclipse Eclipse 500),1PW035,JT15D-1 series,2,EA50-A,
ECHO   (Tecnam Echo),FOCA-15,Rotax 912S,1,ECHO-A,
EDGE   (Zivko Edge 540),FOCA-18,TIO-540-J2B2,1,EDGE-A,
EM10   (Marganski EM-10 Bielik),1PW038,JT15D-5C,1,EM10-A,
EN28   (Enstrom F-28 Falcon),FOCA-19,TSIO-360C,1,EN28-A,
ERCO   (Air Products Aircoupe),FOCA-14,Rotax 912,1,ERCO-A,
EUPA   (Europa Europa),FOCA-15,Rotax 912S,1,EUPA-A,
EV97   (Evektor EV-97 EuroStar),FOCA-15,Rotax 912S,1,EV97-A,
EVOP   (Lancair Evolution Piston),FOCA-18,TIO-540-J2B2,1,EVOP-A,
EVSS   (Evektor SportStar),FOCA-15,Rotax 912S,1,EVSS-A,
EXPR   (Express Express),FOCA-4,IO-550-B,1,EXPR-A,
F100   (Fokker 100),1RR020,Tay 620-15 ,2,F100-A,F100
F104   (Lockheed F-104 Starfighter),8RR043,Spey 511,1,F104-A,
F2   (Mitsubishi F-2),11BR011,BR-700-725A1-12,1,F2-A,
F22   (Lockheed Martin F-22 Raptor),11CM072,CFM56-7B26E,2,F22-A,
F260   (Siai-Marchetti SF-260),FOCA-3,IO-540-T4A5D,1,F260-A,
F28   (Fokker F-28 Fellowship),4RR035,Spey 555,2,F28-A,
F2TH   (Dassault Falcon 2000),14PW103,PW308C - BS 1289,2,F2TH-A,
F70   (Fokker 70),1RR020,Tay 620-15 ,2,F70-A,
F8   (Chance Vought F8 Crusader),11PW100,PW307A,1,F8-A,
F8L   (Aeromere F-8L Falco),FOCA-1,IO-320-DIAD,1,F8L-A,
F900   (Dassault Falcon 900),1AS002,TFE731-3,3,F900-A,
FA10   (Dassault Falcon 100),1AS001,TFE731-2-2B,2,FA10-A,
FA20   (Dassault Falcon 200),1AS002,TFE731-3,2,FA20-A,
FA24   (Fairchild F-24 Argus),FOCA-2,IO-360-A1B6,1,FA24-A,
FA50   (Dassault Falcon 50),1AS002,TFE731-3,3,FA50-A,
FA62   (Fairchild M-62 Cornell),11PW100,PW307A,1,FA62-A,
FA7X   (Dassault Falcon 7X) with 11PW100 engines **,11PW100,PW307A,3,FA7X-A,
FA7X   (Dassault Falcon 7X) with 15PW109 engines,15PW109,PW307D,3,FA7X-B,
FBA2   (Found FBA-2 Expedition E350),FOCA-3,IO-540-T4A5D,1,FBA2-A,
FDCT   (Flight Design CT),FOCA-15,Rotax 912S,1,FDCT-A,
G109   (Grob G-109 Ranger),FOCA-5,O-200,1,G109-A,
G115   (Grob G-115E Tutor),FOCA-7,O-360-A3A,1,G115-A,
G120   (Grob G-120 Snunit),FOCA-3,IO-540-T4A5D,1,G120-A,
G150   (Gulfstream Aerospace Gulfstream G150),1AS002,TFE731-3,2,G150-A,
G15T   (Grob G-115T Acro),FOCA-7,O-360-A3A,1,G15T-A,
G180   (General Aircraft G1-80 Skyfarer),FOCA-14,Rotax 912,1,G180-A,
G200   (Akrotech G-200),FOCA-2,IO-360-A1B6,1,G200-A,
G21   (Grumman G-21A Goose),FOCA-18,TIO-540-J2B2,2,G21-A,
G250   (Gulfstream Aerospace Gulfstream G250),7PW077,PW306A,2,G250-A,
G280   (Gulfstream Aerospace Gulfstream G280),11HN005, HTF7250G,2,G280-A,
G3   (Remos G-3 Mirage),FOCA-15,Rotax 912S,1,G3-A,
G4SG   (Soko G-4 Super Galeb),7PW077,PW306A,1,G4SG-A,
G59   (Fiat G-59),FOCA-9,Generic (>500hp),1,G59-A,
GA20   (Gippsland GA-200 Fatman),FOCA-3,IO-540-T4A5D,1,GA20-A,
GA7   (Grumman American GA-7 Cougar),FOCA-1,IO-320-DIAD,2,GA7-A,
GA8   (Gippsaero GA-8 Airvan),FOCA-4,IO-550-B,1,GA8-A,
GALX   (IAI 1126 Galaxy),7PW077,PW306A,2,GALX-A,
GC1   (Globe GC-1 Swift),FOCA-17,TAE-125-01,1,GC1-A,
GFLY   (Scaled 311 Global Flyer),1PW035,JT15D-1 series,1,GFLY-A,
GL5T   (Bombardier Global 5000),4BR009,BR700-710A2-20,2,GL5T-A,
GLAS   (Glasair Glasair),FOCA-2,IO-360-A1B6,1,GLAS-A,
GLEX   (Bombardier BD-700 Global Express),4BR009,BR700-710A2-20,2,GLEX-A,
GLF2   (Gulfstream American Gulfstream 2),8RR043,Spey 511,2,GLF2-A,
GLF3   (Gulfstream Aerospace Gulfstream 3),8RR043,Spey 511,2,GLF3-A,
GLF4   (Gulfstream Aerospace Gulfstream 4),6RR042,Tay 611-8C,2,GLF4-A,
GLF5   (Gulfstream Aerospace Gulfstream 5),6BR010,BR700-710C4-11,2,GLF5-A,
GLF6   (Gulfstream Aerospace Gulfstream G650),11BR011,BR-700-725A1-12,2,GLF6-A,
GLSP   (New Glastar Sportsman 2+2),FOCA-7,O-360-A3A,1,GLSP-A,
GLST   (Glasair GlaStar),FOCA-7,O-360-A3A,1,GLST-A,
GNAT   (Folland Gnat),7PW077,PW306A,1,GNAT-A,
GOLF   (Tecnam P-96 Golf),FOCA-14,Rotax 912,1,GOLF-A,
GP4   (Osprey GP-4),FOCA-2,IO-360-A1B6,1,GP4-A,
GSPN   (Grob SPn Utility Jet),1PW037,JT15D-5 -5A -5B,2,GSPN-A,
GY80   (Gardan GY-80 Horizon),FOCA-7,O-360-A3A,1,GY80-A,
H111   (Heinkel He-111),FOCA-9,Generic (>500hp),2,H111-A,
H25A   (Hawker Siddeley HS-125-1),1AS002,TFE731-3,2,H25A-A,
H25B   (Hawker Siddeley HS-125-700),1AS002,TFE731-3,2,H25B-A,
H25C   (British Aerospace BAe-125-1000),7PW077,PW306A,2,H25C-A,
H269   (Hughes 269 Sky Knight),FOCA-2,IO-360-A1B6,1,H269-A,
H40   (Hoffmann H-40),FOCA-2,IO-360-A1B6,1,H40-A,
HA4T   (Hawker Beechcraft Hawker 4000),7PW079,PW308A,2,HA4T-A,
HERN   (De Havilland DH-114 Heron),FOCA-3,IO-540-T4A5D,4,HERN-A,
HF20   (Hfb HFB-320 Hansa),7PW079,PW308A,2,HF20-A,
HR10   (Robin HR-100 Tiara),FOCA-4,IO-550-B,1,HR10-A,
HR20   (Robin HR-200),FOCA-16,Rotax 914,1,HR20-A,
HU2   (Shenyang Sailplane HU-2 Petrel),FOCA-14,Rotax 912,1,HU2-A,
HUNT   (Hawker Hunter),4RR035,Spey 555,1,HUNT-A,
HUSK   (Aviat A-1 Husky),FOCA-7,O-360-A3A,1,HUSK-A,
I23   (Pzl-Swidnik I-23 Manager),FOCA-9,Generic (>500hp),1,I23-A,
IL14   (Ilyushin Il-14),FOCA-9,Generic (>500hp),2,IL14-A,
IL62   (Ilyushin Il-62),1AA003,D-30KU,4,IL62-A,
IL76   (Ilyushin Il-76) with 1AA002 engines **,1AA002,D-30KP-2,4,IL76-A,
IL76   (Ilyushin Il-76) with 13AA006 engines,13AA006,PS-90A,4,IL76-B,
IL86   (Ilyushin Il-86),1KK003,NK-86,4,IL86-A,
IL96   (Ilyushin Il-96) with 13AA006 engines **,13AA006,PS-90A,4,IL96-A,
IL96   (Ilyushin Il-96) with 13AA007 engines,13AA007,PS-90A1,4,IL96-B,
IR23   (Ica IAR-823),FOCA-4,IO-550-B,1,IR23-A,
IS28   (Iar IS-28M2),FOCA-13,Rotax 582 DCDI,1,IS28-A,
J2   (Piper J-2 Cub),FOCA-13,Rotax 582 DCDI,1,J2-A,
J328   (Fairchild Dornier 328JET),7PW078,PW306B,2,J328-A,
JAB4   (Jabiru Jabiru J400),FOCA-17,TAE-125-01,1,JAB4-A,
JABI   (Jabiru Jabiru SP),FOCA-7,O-360-A3A,1,JABI-A,
JARO   (Jackaroo Thruxton Jackaroo),FOCA-17,TAE-125-01,1,JARO-A,
JCOM   (Aero Commander 1121 Jet Commander),1PW037,JT15D-5 -5A -5B,2,JCOM-A,
JPRO   (Bac 145 Jet Provost),1PW035,JT15D-1 series,1,JPRO-A,
JU52   (Junkers Ju-52/3m),FOCA-18,TIO-540-J2B2,3,JU52-A,
KA26   (Kamov Ka-26),FOCA-20,TSIO-520-WB,2,KA26-A,
KFIR   (IAI Kfir),3CM022,CFM56-5B6/2P,1,KFIR-A,
KP2   (Jihlavan KP-2 Skyleader 150),FOCA-14,Rotax 912,1,KP2-A,
L10   (Lockheed L-10 Electra),FOCA-12,Prop-500hp,2,L10-A,
L101   (Lockheed L-1011 TriStar) with 1RR003 engines,1RR003,RB211-22B,3,L101-A,
L101   (Lockheed L-1011 TriStar) with 1RR005 engines **,1RR005,RB211-524B series,3,L101-B,
L12   (Lockheed L-12 Electra Junior),FOCA-18,TIO-540-J2B2,2,L12-A,
L14   (Lockheed L-14 Hudson),FOCA-9,Generic (>500hp),2,L14-A,
L200   (Let L-200 Morava),FOCA-2,IO-360-A1B6,2,L200-A,
L29   (Aero L-29 Delfin),1PW035,JT15D-1 series,1,L29-A,
L29A   (Lockheed L-1329 Jetstar 6),1AS002,TFE731-3,4,L29A-A,
L29B   (Lockheed L-1329 Jetstar 2),1AS002,TFE731-3,4,L29B-A,
L37   (Lockheed L-137 Ventura),FOCA-9,Generic (>500hp),2,L37-A,
L39   (Aero L-139 Albatros),1AS002,TFE731-3,1,L39-A,
L40   (Orlican L-40 Meta Sokol),FOCA-17,TAE-125-01,1,L40-A,
L60   (Aero L-60 Brigadyr),5GE084,CF34-3B,1,L60-A,
L8   (Luscombe 8 Trainer),FOCA-5,O-200,1,L8-A,
LA25   (Lake LA-250 Seafury),FOCA-8,O-540-J3C5D,1,LA25-A,
LA4   (Lake LA-4 Buccaneer),FOCA-2,IO-360-A1B6,1,LA4-A,
LA8   (Aerovolga LA-8 Flagman),FOCA-8,O-540-J3C5D,2,LA8-A,
LANC   (Avro Lancaster),FOCA-9,Generic (>500hp),4,LANC-A,
LCA   (Ada LCA Tejas),8GE113,CF34-8E2,1,LCA-A,
LEG2   (Lancair Legacy),FOCA-4,IO-550-B,1,LEG2-A,
LGEZ   (Rutan 61 Long-EZ),FOCA-16,Rotax 914,1,LGEZ-A,
LJ23   (Lear Jet 23),1PW037,JT15D-5 -5A -5B,2,LJ23-A,
LJ24   (Lear Jet 24),1PW037,JT15D-5 -5A -5B,2,LJ24-A,
LJ25   (Lear Jet 25),1PW037,JT15D-5 -5A -5B,2,LJ25-A,
LJ31   (Learjet 31),1AS001,TFE731-2-2B,2,LJ31-A,
LJ35   (Learjet 35),1AS001,TFE731-2-2B,2,LJ35-A,
LJ40   (Learjet 40),1AS001,TFE731-2-2B,2,LJ40-A,
LJ45   (Learjet 45),1AS001,TFE731-2-2B,2,LJ45-A,
LJ55   (Learjet 55),1AS002,TFE731-3,2,LJ55-A,
LJ60   (Learjet 60),7PW077,PW306A,2,LJ60-A,
LJ70   (Learjet 70),1AS002,TFE731-3,2,LJ70-A,
LJ75   (Learjet 75),1AS002,TFE731-3,2,LJ75-A,
LNC2   (Lancair Lancair 200),FOCA-1,IO-320-DIAD,1,LNC2-A,
LNC4   (Lancair Lancair 4),FOCA-18,TIO-540-J2B2,1,LNC4-A,
LNCE   (Lancair Lancair ES),FOCA-4,IO-550-B,1,LNCE-A,
M17   (Myasishchev M-17 Stratosfera),1AA003,D-30KU,1,M17-A,
M18   (Pzl-Mielec M-18 Dromader),FOCA-9,Generic (>500hp),1,M18-A,
M2   (Kubicek M-2 Scout),FOCA-15,Rotax 912S,1,M2-A,
M200   (Aero Commander Commander 200),FOCA-4,IO-550-B,1,M200-A,
M203   (Myasishchev M-203 Barsuk),FOCA-18,TIO-540-J2B2,1,M203-A,
M20P   (Mooney M-20G Statesman),FOCA-4,IO-550-B,1,M20P-A,
M20T   (Mooney M-20M TLS),FOCA-4,IO-550-B,1,M20T-A,
M21   (Pzl-Mielec M-21 Dromader Mini),FOCA-9,Generic (>500hp),1,M21-A,
M212   (Lambert M-212 Mission),FOCA-7,O-360-A3A,1,M212-A,
M22   (Mooney M-22 Mustang),FOCA-4,IO-550-B,1,M22-A,
M26   (Pzl-Mielec M-26 Air Wolf),FOCA-4,IO-550-B,1,M26-A,
M346   (Aermacchi M-346 Master),14HN006,HTF7500E,2,M346-A,
M360   (Aircraft Technologies Meyer-360),FOCA-2,IO-360-A1B6,1,M360-A,
M5   (Maule M-5 Strata Rocket),FOCA-8,O-540-J3C5D,1,M5-A,
M55   (Myasishchev M-55 Geophysica),1AA003,D-30KU,2,M55-A,
M6   (Maule M-6 Super Rocket),FOCA-8,O-540-J3C5D,1,M6-A,
M7   (Maule M-7-260 Super Rocket),FOCA-8,O-540-J3C5D,1,M7-A,
M8   (Maule M-8),FOCA-8,O-540-J3C5D,1,M8-A,
MC90   (Monocoupe 90),FOCA-5,O-200,1,MC90-A,
MCR1   (Dyn'Aero MCR-01),FOCA-14,Rotax 912,1,MCR1-A,
MCR4   (Dyn'Aero MCR-4),FOCA-16,Rotax 914,1,MCR4-A,
MD11   (Mcdonnell Douglas MD-11) with 1PW052 engines,1PW052,PW4460,3,MD11-B,
MD11   (Mcdonnell Douglas MD-11) with 1PW059 engines,1PW059,PW4x62,3,MD11-C,
MD11   (Mcdonnell Douglas MD-11) with 2GE049 engines **,2GE049,CF6-80C2D1F,3,MD11-A,
MD81   (Mcdonnell Douglas MD-81) with 4PW068 engines,4PW068,JT8D-217,2,MD81-A,
MD81   (Mcdonnell Douglas MD-81) with 4PW070 engines **,4PW070,JT8D-217C,2,MD81-B,
MD82   (Mcdonnell Douglas MD-82) with 4PW068 engines,4PW068,JT8D-217,2,MD82-A,
MD82   (Mcdonnell Douglas MD-82) with 4PW069 engines,4PW069,JT8D-217A,2,MD82-B,
MD82   (Mcdonnell Douglas MD-82) with 4PW070 engines **,4PW070,JT8D-217C,2,MD82-C,
MD82   (Mcdonnell Douglas MD-82) with 4PW071 engines,4PW071,JT8D-219,2,MD82-D,
MD83   (Mcdonnell Douglas MD-83) with 4PW068 engines,4PW068,JT8D-217,2,MD83-A,
MD83   (Mcdonnell Douglas MD-83) with 4PW070 engines,4PW070,JT8D-217C,2,MD83-B,
MD83   (Mcdonnell Douglas MD-83) with 4PW071 engines **,4PW071,JT8D-219,2,MD83-C,
MD87   (Mcdonnell Douglas MD-87) with 4PW070 engines,4PW070,JT8D-217C,2,MD87-A,
MD87   (Mcdonnell Douglas MD-87) with 4PW071 engines **,4PW071,JT8D-219,2,MD87-B,
MD88   (Mcdonnell Douglas MD-88) with 4PW070 engines **,4PW070,JT8D-217C,2,MD88-A,
MD88   (Mcdonnell Douglas MD-88) with 4PW071 engines,4PW071,JT8D-219,2,MD88-B,
MD90   (Mcdonnell Douglas MD-90) with 1IA002 engines **,1IA002,V2525-D5,2,MD90-A,
MD90   (Mcdonnell Douglas MD-90) with 1IA004 engines,1IA004,V2528-D5,2,MD90-B,
MG17   (Mikoyan MiG-17),7PW077,PW306A,1,MG17-A,
MG44   (Mikoyan MiG 1-44),2GE049,CF6-80C2D1F,2,MG44-A,
MICO   (Microjet Microjet 200),1PW035,JT15D-1 series,2,MICO-A,
MOL1   (Molniya 1),FOCA-18,TIO-540-J2B2,1,MOL1-A,
MOR2   (Morrisey 2000 Nifty),FOCA-6,O-320-E2A,1,MOR2-A,
MP20   (Plan MP-205 Busard),FOCA-5,O-200,1,MP20-A,
MS18   (Socata MS-200FG Morane),FOCA-4,IO-550-B,1,MS18-A,
MS30   (Socata MS-300 Epsilon 2),FOCA-4,IO-550-B,1,MS30-A,
MU30   (Mitsubishi MU-300 Diamond),1PW036,JT15D-4 series,2,MU30-A,
NAVI   (North American NA-145 Navion),FOCA-3,IO-540-T4A5D,1,NAVI-A,
OSCR   (Partenavia Oscar),FOCA-1,IO-320-DIAD,1,OSCR-A,
P06T   (Tecnam P-2006T),FOCA-15,Rotax 912S,2,P06T-A,
P100   (Pottier P-100),FOCA-15,Rotax 912S,1,P100-A,
P148   (Piaggio P-148),FOCA-2,IO-360-A1B6,1,P148-A,
P2   (Lockheed P-2 Neptune),FOCA-9,Generic (>500hp),2,P2-A,
P208   (Tecnam P-2008),FOCA-15,Rotax 912S,1,P208-A,
P210   (Cessna P210 Pressurized Centurion),FOCA-4,IO-550-B,1,P210-A,
P28A   (Piper PA-28-181 Archer LX),FOCA-1,IO-320-DIAD,1,P28A-A,
P28B   (Piper PA-28-235 Cherokee Pathfinder),FOCA-8,O-540-J3C5D,1,P28B-A,
P28R   (Piper PA-28R-180 Cherokee Arrow),FOCA-2,IO-360-A1B6,1,P28R-A,
P28S   (Piper PA-28R-201T Turbo Cherokee Arrow 3),FOCA-2,IO-360-A1B6,1,P28S-A,
P28T   (Piper PA-28RT-201 Arrow 4),FOCA-2,IO-360-A1B6,1,P28T-A,
P28U   (Piper PA-28RT-201T Turbo Arrow 4),FOCA-2,IO-360-A1B6,1,P28U-A,
P32R   (Piper PA-32R-300 Lance),FOCA-4,IO-550-B,1,P32R-A,
P32T   (Piper PA-32RT-300 Lance 2),FOCA-4,IO-550-B,1,P32T-A,
P337   (Cessna P337 Pressurized Skymaster),FOCA-2,IO-360-A1B6,2,P337-A,
P38   (Lockheed P-38 Lightning),FOCA-9,Generic (>500hp),2,P38-A,
P39   (Bell Airacobra),FOCA-9,Generic (>500hp),1,P39-A,
P47   (Republic F-47 Thunderbolt),FOCA-9,Generic (>500hp),1,P47-A,
P51   (North American P-51 Mustang),FOCA-9,Generic (>500hp),1,P51-A,
P60   (Pottier P-60 Minacro),FOCA-5,O-200,1,P60-A,
P63   (Bell P-63 Kingcobra),FOCA-2,IO-360-A1B6,1,P63-A,
P66P   (Piaggio P-166B Portofino),FOCA-9,Generic (>500hp),2,P66P-A,
P68   (Partenavia P-68 Observer),FOCA-2,IO-360-A1B6,2,P68-A,
P80   (Pottier P-80),FOCA-5,O-200,1,P80-A,
P82   (North American P-82 Twin Mustang),FOCA-9,Generic (>500hp),2,P82-A,
PA11   (Piper PA-11 Cub Special),FOCA-5,O-200,1,PA11-A,
PA12   (Piper PA-12 Super Cruiser),FOCA-5,O-200,1,PA12-A,
PA14   (Piper PA-14 Family Cruiser),FOCA-16,Rotax 914,1,PA14-A,
PA18   (Piper PA-18 Super Cub),FOCA-6,O-320-E2A,1,PA18-A,
PA20   (Piper PA-20 Pacer),FOCA-1,IO-320-DIAD,1,PA20-A,
PA22   (Piper PA-22 Colt),FOCA-1,IO-320-DIAD,1,PA22-A,
PA23   (Piper PA-23-150 Apache),FOCA-3,IO-540-T4A5D,2,PA23-A,
PA24   (Piper PA-24 Comanche),FOCA-3,IO-540-T4A5D,1,PA24-A,
PA25   (Piper PA-25 Pawnee),FOCA-8,O-540-J3C5D,1,PA25-A,
PA27   (Piper PA-23-250 Turbo Aztec),FOCA-8,O-540-J3C5D,2,PA27-A,
PA30   (Piper PA-30 Twin Comanche),FOCA-1,IO-320-DIAD,2,PA30-A,
PA31   (Piper PA-31-300 Navajo),FOCA-4,IO-550-B,2,PA31-A,
PA32   (Piper PA-32 Turbo Saratoga),FOCA-4,IO-550-B,1,PA32-A,
PA34   (Piper PA-34 Seneca),FOCA-19,TSIO-360C,2,PA34-A,
PA36   (Piper PA-36 Pawnee Brave),FOCA-18,TIO-540-J2B2,1,PA36-A,
PA38   (Piper PA-38 Tomahawk),FOCA-16,Rotax 914,1,PA38-A,
PA44   (Piper PA-44 Seminole),FOCA-7,O-360-A3A,2,PA44-A,
PA47   (Piper PA-47 Piper Jet),1PW037,JT15D-5 -5A -5B,1,PA47-A,
PAT2   (Atac Patriot 2),FOCA-16,Rotax 914,1,PAT2-A,
PEGA   (General Avia F-20 Pegaso),FOCA-4,IO-550-B,2,PEGA-A,
PELI   (Flyer Pelican),FOCA-13,Rotax 582 DCDI,1,PELI-A,
PEMB   (Hunting P-66 Pembroke),FOCA-18,TIO-540-J2B2,2,PEMB-A,
PICO   (General Avia F-15 Picchio),FOCA-7,O-360-A3A,1,PICO-A,
PINO   (General Avia F-22 Pinguino Sprint),FOCA-17,TAE-125-01,1,PINO-A,
PIVI   (Pipistrel Virus),FOCA-15,Rotax 912S,1,PIVI-A,
PNR2   (Alpi Pioneer 200),FOCA-8,O-540-J3C5D,1,PNR2-A,
PNR3   (Alpi Pioneer 300),FOCA-15,Rotax 912S,1,PNR3-A,
PO60   (Potez 60 Sauterelle),FOCA-2,IO-360-A1B6,1,PO60-A,
PRM1   (Hawker Beechcraft Premier 1),1PW036,JT15D-4 series,2,PRM1-A,
PROC   (Percival P-31 Proctor),FOCA-2,IO-360-A1B6,1,PROC-A,
PROT   (Csa Parrot),FOCA-15,Rotax 912S,1,PROT-A,
PTS2   (Pitts S-2 Special),FOCA-2,IO-360-A1B6,1,PTS2-A,
PUP   (Beagle B-121 Pup),FOCA-6,O-320-E2A,1,PUP-A,
PZ01   (Pzl-Okecie PZL-101 Gawron),FOCA-3,IO-540-T4A5D,1,PZ01-A,
PZ04   (Pzl-Okecie PZL-104 Wilga 35),FOCA-3,IO-540-T4A5D,1,PZ04-A,
PZ06   (Pzl-Okecie PZL-106B Kruk),FOCA-18,TIO-540-J2B2,1,PZ06-A,
R100   (Robin R-1180 Aiglon),FOCA-7,O-360-A3A,1,R100-A,
R135   (Boeing RC-135),6AL007,AE3007A1,4,R135-A,
R200   (Robin R-2100 Super Club),8CM059,CFM56-5B8/3,1,R200-A,
R22   (Robinson R-22),FOCA-17,TAE-125-01,1,R22-A,
R300   (Robin R-300),FOCA-1,IO-320-DIAD,1,R300-A,
R4   (Sikorsky R-4 Hoverfly),FOCA-2,IO-360-A1B6,1,R4-A,
R44   (Robinson R-44 Raven),FOCA-8,O-540-J3C5D,1,R44-A,
R721   (Boeing 727-100RE Super 27),4PW068,JT8D-217,3,R721-A,
R722   (Boeing 727-200RE Super 27),4PW070,JT8D-217C,3,R722-A,
R90F   (Ruschmeyer R-90-230FG),FOCA-8,O-540-J3C5D,1,R90F-A,
R90R   (Ruschmeyer R-90-230RG),FOCA-8,O-540-J3C5D,1,R90R-A,
RALL   (Socata Rallye 100),FOCA-6,O-320-E2A,1,RALL-A,
RANG   (Navion Rangemaster),FOCA-3,IO-540-T4A5D,1,RANG-A,
RF4   (Fournier RF-4),FOCA-2,IO-360-A1B6,1,RF4-A,
RF6   (Fournier RF-6),FOCA-3,IO-540-T4A5D,1,RF6-A,
RJ1H   (British Aerospace RJ-100),1TL004,LF507-1F -1H ,4,RJ1H-A,
RJ70   (British Aerospace RJ-70),1TL004,LF507-1F -1H ,4,RJ70-A,
RJ85   (British Aerospace RJ-85) with 1TL003 engines,1TL003,ALF 502R-5,4,RJ85-A,
RJ85   (British Aerospace RJ-85) with 1TL004 engines **,1TL004,LF507-1F -1H ,4,RJ85-B,
RV10   (Van'S RV-10),FOCA-8,O-540-J3C5D,1,RV10-A,
RV4   (Van'S RV-4),FOCA-2,IO-360-A1B6,1,RV4-A,
RV6   (Van'S RV-6),FOCA-7,O-360-A3A,1,RV6-A,
RV8   (Van'S RV-8),FOCA-2,IO-360-A1B6,1,RV8-A,
RV9   (Van'S RV-9),FOCA-1,IO-320-DIAD,1,RV9-A,
S05F   (Siai-Marchetti S-205-20F),FOCA-2,IO-360-A1B6,1,S05F-A,
S05R   (Siai-Marchetti S-205-20R),FOCA-2,IO-360-A1B6,1,S05R-A,
S200   (Sipa S-200 Minijet),1PW035,JT15D-1 series,1,S200-A,
S208   (Siai-Marchetti S-208),FOCA-3,IO-540-T4A5D,1,S208-A,
S210   (Aerospatiale SE-210 Caravelle),8RR043,Spey 511,2,S210-A,
S211   (Siai-Marchetti S-211),1PW036,JT15D-4 series,1,S211-A,
S223   (Casa 223 Flamingo),FOCA-2,IO-360-A1B6,1,S223-A,
S22T   (Cirrus SR-22T),FOCA-4,IO-550-B,1,S22T-A,
S2P   (Grumman S-2 Tracker),FOCA-9,Generic (>500hp),2,S2P-A,
S3   (Lockheed S-3 Viking),1GE034,CF34-3A,2,S3-A,
S37   (Sukhoi S-37 Berkut),1AA001,D-30 (Il series),2,S37-A,
S601   (Aerospatiale SN-601 Corvette),1PW036,JT15D-4 series,2,S601-A,
SA05   (K & S SA-105 Super Cavalier),FOCA-2,IO-360-A1B6,1,SA05-A,
SA20   (Beriev SA-20),FOCA-2,IO-360-A1B6,1,SA20-A,
SA30   (Stolp SA-300 Starduster Too),FOCA-7,O-360-A3A,1,SA30-A,
SA50   (Stolp SA-500 Starlet),FOCA-13,Rotax 582 DCDI,1,SA50-A,
SAH1   (Trago Mills SAH-1),FOCA-1,IO-320-DIAD,1,SAH1-A,
SB29   (Saab J29),7PW077,PW306A,1,SB29-A,
SB32   (Saab 32 Lansen),4BR008,BR700-710A1-10,1,SB32-A,
SB91   (Saab 91 Safir),FOCA-6,O-320-E2A,1,SB91-A,
SBR1   (North American Sabreliner 40),1AS002,TFE731-3,2,SBR1-A,
SBR2   (North American Rockwell Sabre 75),1AS002,TFE731-3,2,SBR2-A,
SC01   (Fft SC-01 Speed Canard),FOCA-6,O-320-E2A,1,SC01-A,
SF2   (Hapi SF-2 Cygnet),FOCA-14,Rotax 912,1,SF2-A,
SF25   (Scheibe SF-25 Falke),FOCA-5,O-200,1,SF25-A,
SG37   (Schweizer SGM-2-37),FOCA-16,Rotax 914,1,SG37-A,
SG70   (Glass SG-70 STOLGlass),FOCA-15,Rotax 912S,1,SG70-A,
SHRK   (Shark Aero Shark),FOCA-15,Rotax 912S,1,SHRK-A,
SIRA   (Tecnam P-2002 Sierra),FOCA-15,Rotax 912S,1,SIRA-A,
SJ30   (Swearingen SJ-30),1PW035,JT15D-1 series,2,SJ30-A,
SK70   (Starkraft SK-700),FOCA-18,TIO-540-J2B2,2,SK70-A,
SM92   (Technoavia SM-92 Finist),FOCA-18,TIO-540-J2B2,1,SM92-A,
SP7   (Spartan 7 Executive),FOCA-18,TIO-540-J2B2,1,SP7-A,
SR20   (Cirrus SR-20 SRV),FOCA-2,IO-360-A1B6,1,SR20-A,
SR22   (Cirrus SR-22),FOCA-4,IO-550-B,1,SR22-A,
SR71   (Lockheed SR-71 Blackbird),4PW070,JT8D-217C,2,SR71-A,
ST10   (Socata ST-10 Provence),FOCA-2,IO-360-A1B6,1,ST10-A,
ST60   (Staudacher S-600),FOCA-4,IO-550-B,1,ST60-A,
SU25   (Sukhoi Su-25),10AL026,AE3007A2,2,SU25-A,
SU7   (Sukhoi Su-7),3CM022,CFM56-5B6/2P,1,SU7-A,
SU95   (Sukhoi Superjet 100-95),11PJ002,SaM146-1S18,2,SU95-A,
SUBA   (Fuji FA-200 Aero Subaru),FOCA-7,O-360-A3A,1,SUBA-A,
SX30   (Swearingen SX-300),FOCA-4,IO-550-B,1,SX30-A,
SYMP   (Symphony SA-160 Symphony),FOCA-2,IO-360-A1B6,1,SYMP-A,
T1   (Fuji T-1),1AS002,TFE731-3,1,T1-A,
T10   (Tmm-Avia T-10 Avia-Tor),FOCA-15,Rotax 912S,1,T10-A,
T134   (Tupolev Tu-134),1AA001,D-30 (Il series),2,T134-A,
T144   (Tupolev Tu-144),1AA004,D-30KU-154,4,T144-A,
T154   (Tupolev Tu-154) with 1AA004 engines **,1AA004,D-30KU-154,3,T154-A,
T154   (Tupolev Tu-154) with 1KK002 engines,1KK002,NK-8-2U,3,T154-B,
T160   (Tupolev Tu-160),1KK005,NK-86MA,4,T160-A,
T204   (Tupolev Tu-204) with 5RR038 engines,5RR038,RB211-535E4,2,T204-B,
T204   (Tupolev Tu-204) with 13AA008 engines **,13AA008,PS-90A2,2,T204-A,
T206   (Cessna TU206 Turbo Staionair),FOCA-4,IO-550-B,1,T206-A,
T210   (Cessna T210 Turbo Centurion),FOCA-20,TSIO-520-WB,1,T210-A,
T22M   (Tupolev Tu-22M),13AA006,PS-90A,2,T22M-A,
T250   (Bellanca T-250 Aries),FOCA-3,IO-540-T4A5D,1,T250-A,
T28   (North American T-28 Trojan),FOCA-9,Generic (>500hp),1,T28-A,
T30   (Terzi T-30 Katana),FOCA-4,IO-550-B,1,T30-A,
T33   (Lockheed T-33 Shooting Star),7PW077,PW306A,1,T33-A,
T37   (Cessna T-37),3CM022,CFM56-5B6/2P,2,T37-A,
T4   (Kawasaki T-4),1AS002,TFE731-3,2,T4-A,
T40   (Turner T-40),FOCA-2,IO-360-A1B6,1,T40-A,
TAMP   (Socata TB-9 Tampico),FOCA-1,IO-320-DIAD,1,TAMP-A,
TB05   (Amc Texas Bullet 205),FOCA-7,O-360-A3A,1,TB05-A,
TB20   (Socata TB-20 Trinidad),FOCA-3,IO-540-T4A5D,1,TB20-A,
TB21   (Socata TB-21 Trinidad TC),FOCA-3,IO-540-T4A5D,1,TB21-A,
TB30   (Socata TB-30 Epsilon),FOCA-3,IO-540-T4A5D,1,TB30-A,
TB31   (Socata TB-31 Omega),FOCA-4,IO-550-B,1,TB31-A,
TBEE   (United Consultant Twin Bee),FOCA-7,O-360-A3A,2,TBEE-A,
TBM   (General Motors TBM Avenger),FOCA-9,Generic (>500hp),1,TBM-A,
TFUN   (Twi Taifun),FOCA-14,Rotax 912,1,TFUN-A,
TL20   (Tl Ultralight TL-2000 Sting),FOCA-15,Rotax 912S,1,TL20-A,
TOBA   (Socata TB-10 Tobago),FOCA-7,O-360-A3A,1,TOBA-A,
TR1   (Trident TR-1 Trigull),FOCA-4,IO-550-B,1,TR1-A,
TR20   (Feugray TR-200),FOCA-2,IO-360-A1B6,1,TR20-A,
TRF1   (Team Rocket F-1),FOCA-3,IO-540-T4A5D,1,TRF1-A,
TRIM   (Ford Tri-Motor),FOCA-4,IO-550-B,3,TRIM-A,
TRIS   (Britten-Norman Trislander),FOCA-3,IO-540-T4A5D,3,TRIS-A,
TUTR   (Avro 621 Tutor),FOCA-8,O-540-J3C5D,1,TUTR-A,
TWEN   (Tecnam P-2010 Twenty-Ten),FOCA-7,O-360-A3A,1,TWEN-A,
U16   (Grumman SA-16 Albatross),FOCA-9,Generic (>500hp),2,U16-A,
UT75   (Utva 75),FOCA-7,O-360-A3A,1,UT75-A,
VAMP   (De Havilland DH-100 Vampire),1AS001,TFE731-2-2B,1,VAMP-A,
VC10   (Vickers VC-10),11CM068,CFM56-7B22E,4,VC10-A,
VELO   (Velocity Velocity),FOCA-4,IO-550-B,1,VELO-A,
VF14   (VFW VFW-614),1RR001,M45H-01,2,VF14-A,
VGUL   (Percival P-10 Vega Gull),FOCA-2,IO-360-A1B6,1,VGUL-A,
VK3P   (Cirrus VK-30 Cirrus),FOCA-4,IO-550-B,1,VK3P-A,
VO10   (Volaircraft Volaire 10),FOCA-6,O-320-E2A,1,VO10-A,
WA40   (Wassmer WA-40 Super 4),FOCA-7,O-360-A3A,1,WA40-A,
WA41   (Wassmer WA-41 Baladou),FOCA-7,O-360-A3A,1,WA41-A,
WA42   (Wassmer WA-421 Prestige),FOCA-3,IO-540-T4A5D,1,WA42-A,
WA50   (Wassmer WA-52 Europa),FOCA-6,O-320-E2A,1,WA50-A,
WACO   (Waco 125),FOCA-2,IO-360-A1B6,1,WACO-A,
WT9   (Aerospool WT-9 Dynamic),FOCA-15,Rotax 912S,1,WT9-A,
WW23   (IAI 1123 Westwind),3CM022,CFM56-5B6/2P,2,WW23-A,
WW24   (IAI 1124 Westwind),1AS002,TFE731-3,2,WW24-A,
XL2   (Liberty (2) XL-2),FOCA-17,TAE-125-01,1,XL2-A,
Y130   (Yakovlev Yak-130),7PW077,PW306A,2,Y130-A,
Y18T   (Yakovlev Yak-18T),FOCA-18,TIO-540-J2B2,1,Y18T-A,
YK18   (Yakovlev Yak-18),FOCA-4,IO-550-B,1,YK18-A,
YK28   (Yakovlev Yak-28),1ZM001,D-36,2,YK28-A,
YK40   (Yakovlev Yak-40),1AS001,TFE731-2-2B,3,YK40-A,
YK42   (Yakovlev Yak-42),1ZM001,D-36,3,YK42-A,
YK52   (Yakovlev Yak-52),FOCA-18,TIO-540-J2B2,1,YK52-A,
Z42   (Moravan Zlin Z-242),FOCA-7,O-360-A3A,1,Z42-A,
Z43   (Moravan Zlin Z-143),FOCA-2,IO-360-A1B6,1,Z43-A,
ZERO   (Mitsubishi A6M Zero),FOCA-9,Generic (>500hp),1,ZERO-A,
ZULU   (Bul Zulu),FOCA-2,IO-360-A1B6,1,ZULU-A,